,date,tavg,tmin,tmax,prcp,snow,wdir,wspd,wpgt,pres,tsun
0,2016-07-30,19.8,15.6,25.0,0.0,,,11.2,,1014.1,
1,2016-07-31,18.4,14.4,22.8,0.0,,,9.1,,,
2,2016-08-01,18.0,12.8,25.0,0.0,,,6.9,,1018.2,
3,2016-08-02,17.6,15.0,21.7,,,,,,,
4,2016-08-03,19.2,15.6,23.9,0.0,,,,,1024.2,
5,2016-08-04,21.0,13.9,26.7,0.0,,,11.9,,1017.6,
6,2016-08-05,20.6,14.4,26.7,0.0,,,8.4,,1013.4,
7,2016-08-06,16.9,13.3,21.7,,,,6.4,,1015.1,
8,2016-08-07,16.7,13.9,20.0,,,,8.3,,,
9,2016-08-08,17.5,14.4,22.2,0.3,,,6.6,,1015.1,
10,2016-08-09,18.1,15.6,21.7,0.0,,,7.9,,1016.5,
11,2016-08-10,19.7,16.1,24.4,0.0,,,8.2,,1018.4,
12,2016-08-11,21.2,15.6,26.7,0.0,,,11.7,,1019.4,
13,2016-08-12,23.5,15.6,31.1,0.0,,,9.8,,1017.9,
14,2016-08-13,24.8,17.8,32.2,0.0,,,6.5,,1015.6,
15,2016-08-14,22.9,16.7,28.9,0.0,,,8.8,,1016.2,
16,2016-08-15,22.4,15.6,28.3,0.0,,,9.5,,1018.3,
17,2016-08-16,21.0,15.6,27.8,0.0,,,9.1,,,
18,2016-08-17,21.3,15.6,26.7,0.0,,,10.6,,1018.3,
19,2016-08-18,23.4,16.1,30.0,0.0,,,10.3,,1016.3,
20,2016-08-19,26.3,20.0,33.9,0.0,,,14.7,,,
21,2016-08-20,24.6,16.1,33.3,0.0,,,5.6,,1011.9,
22,2016-08-21,18.9,15.6,22.8,,,,12.4,,1012.4,
23,2016-08-22,18.1,13.9,22.2,,,,9.9,,1018.4,
24,2016-08-23,19.2,11.1,26.1,0.0,,,8.3,,1021.7,
25,2016-08-24,21.4,13.9,28.3,0.0,,,8.3,,1022.2,
26,2016-08-25,23.5,15.6,31.7,0.0,,,8.1,,1018.2,
27,2016-08-26,23.9,16.1,32.2,0.0,,,5.8,,1012.4,
28,2016-08-27,19.4,16.7,22.2,0.0,,,12.8,,1011.6,
29,2016-08-28,17.7,14.4,21.7,,,,8.4,,1018.2,
30,2016-08-29,19.1,12.2,26.7,0.0,,,6.2,,1016.9,
31,2016-08-30,18.0,15.6,21.7,0.0,,,9.1,,1016.7,
32,2016-08-31,17.0,13.9,20.6,1.6,,152.0,8.0,,1015.4,
33,2016-09-01,16.5,13.9,18.9,,,,8.5,,,
34,2016-09-02,16.5,13.9,21.1,,,,12.1,,1014.9,
35,2016-09-03,16.3,13.9,20.0,,,257.0,9.7,,1016.3,
36,2016-09-04,15.7,10.6,21.1,0.0,,,5.7,,1015.8,
37,2016-09-05,15.5,12.2,18.3,,,,7.6,,1016.6,
38,2016-09-06,15.8,13.3,18.3,,,,4.2,,1015.3,
39,2016-09-07,16.6,15.0,19.4,,,,7.2,,1020.6,
40,2016-09-08,16.8,13.9,20.6,,,,7.4,,,
41,2016-09-09,16.1,9.4,23.3,0.0,,,5.5,,,
42,2016-09-10,17.5,11.1,25.0,0.0,,,5.6,,1020.2,
43,2016-09-11,17.1,13.9,21.1,0.0,,,7.9,,,
44,2016-09-12,16.8,9.4,23.3,0.0,,,11.9,,1021.5,
45,2016-09-13,16.9,9.4,23.9,0.0,,,7.9,,1017.2,
46,2016-09-14,17.9,10.0,26.1,,,,7.2,,1017.3,
47,2016-09-15,15.7,10.6,21.7,0.0,,,4.9,,1021.3,
48,2016-09-16,17.0,10.6,23.9,,,,5.5,,1017.7,
49,2016-09-17,16.4,14.4,20.0,,,,13.6,,,
50,2016-09-18,16.6,12.8,20.6,,,,7.9,,1017.9,
51,2016-09-19,16.4,13.3,20.6,,,,11.9,,1019.1,
52,2016-09-20,14.1,8.9,19.4,0.0,,,9.6,,1020.4,
53,2016-09-21,14.3,8.9,20.0,0.0,,,8.3,,1017.6,
54,2016-09-22,14.0,8.9,19.4,0.0,,,8.6,,1017.1,
55,2016-09-23,14.2,11.7,17.8,,,,10.2,,1018.2,
56,2016-09-24,15.8,12.8,18.9,0.0,,,6.0,,1027.4,
57,2016-09-25,18.8,15.6,23.9,0.0,,,8.1,,1027.9,
58,2016-09-26,18.5,13.9,25.0,0.0,,,11.6,,1019.4,
59,2016-09-27,17.7,13.9,20.6,,,,13.8,,1021.2,
60,2016-09-28,14.7,12.2,18.9,0.0,,,7.2,,1019.3,
61,2016-09-29,13.2,8.3,17.8,0.0,,,4.3,,1018.4,
62,2016-09-30,12.4,7.2,18.3,0.0,,,5.9,,1016.7,
63,2016-10-01,12.7,10.0,17.2,,,,5.6,,1015.0,
64,2016-10-02,12.7,9.4,17.2,0.0,,,4.5,,1014.0,
65,2016-10-03,13.4,10.6,17.0,,,,6.1,,,
66,2016-10-04,13.1,11.1,16.1,,,,8.2,,1011.4,
67,2016-10-05,14.7,11.7,19.4,,,,7.7,,1013.0,
68,2016-10-06,14.4,12.2,17.2,,,,9.0,,,
69,2016-10-07,14.4,12.8,17.2,,,,11.0,,1014.9,
70,2016-10-08,15.1,11.7,20.0,,,,10.7,,1012.3,
71,2016-10-09,12.2,10.0,16.1,,,,9.4,,,
72,2016-10-10,11.2,8.9,15.6,,,,8.0,,1018.2,
73,2016-10-11,10.7,4.4,17.2,0.0,,,7.4,,1021.8,
74,2016-10-12,11.2,4.4,17.2,,,,4.1,,1016.9,
75,2016-10-13,12.2,10.6,15.0,,,,8.4,,1001.4,
76,2016-10-14,12.8,11.1,15.0,,,,15.9,,996.7,
77,2016-10-15,12.0,10.0,16.7,,,,11.2,,995.1,
78,2016-10-16,12.3,10.6,16.1,,,,5.5,,995.8,
79,2016-10-17,12.3,10.6,15.6,,,,9.7,,1003.9,
80,2016-10-18,12.0,10.0,15.0,,,,10.4,,1017.9,
81,2016-10-19,10.8,7.2,14.4,,,,3.9,,1025.0,
82,2016-10-20,12.7,10.0,16.1,,,,6.7,,,
83,2016-10-21,11.4,8.9,15.0,,,154.0,8.9,,1016.2,
84,2016-10-22,11.2,6.7,16.1,,,,5.1,,1013.4,
85,2016-10-23,12.8,9.4,16.1,,,,6.0,,1011.0,
86,2016-10-24,12.9,10.6,16.1,,,,7.0,,1004.8,
87,2016-10-25,13.3,9.4,17.8,,,,9.2,,1013.6,
88,2016-10-26,12.7,11.1,13.9,,,,5.1,,1010.6,
89,2016-10-27,12.4,10.6,14.4,,,,4.2,,1011.4,
90,2016-10-28,13.3,10.0,18.3,,,,4.2,,1013.2,
91,2016-10-29,12.0,8.3,15.6,,,,3.7,,1012.8,
92,2016-10-30,9.1,5.6,11.1,,,,7.5,,1006.0,
93,2016-10-31,11.8,10.0,15.0,,,,9.0,,1007.1,
94,2016-11-01,11.8,10.0,13.9,,,,6.4,,,
95,2016-11-02,11.8,10.6,14.4,,,,2.4,,1017.0,
96,2016-11-03,12.0,8.3,17.2,,,,4.2,,1023.6,
97,2016-11-04,11.5,5.6,18.9,0.0,,,5.4,,1016.9,
98,2016-11-05,12.8,11.1,14.4,,,,4.6,,,
99,2016-11-06,12.4,10.0,16.7,,,,5.3,,1016.2,
100,2016-11-07,13.6,10.6,18.9,,,,5.8,,1019.2,
101,2016-11-08,14.8,10.0,22.2,0.0,,,6.5,,1018.1,
102,2016-11-09,13.4,11.1,18.3,,,,4.9,,1020.9,
103,2016-11-10,12.3,8.9,17.2,,,,2.7,,,
104,2016-11-11,13.3,10.6,16.7,,,,4.2,,1013.7,
105,2016-11-12,13.5,10.6,15.6,,,,,,1015.7,
106,2016-11-13,10.3,8.3,12.2,,,,6.5,,1019.0,
107,2016-11-14,11.8,9.4,13.9,,,,3.0,,1015.9,
108,2016-11-15,10.1,8.3,13.3,,,,11.8,,,
109,2016-11-16,8.3,7.2,10.6,,,,5.7,,1017.3,
110,2016-11-17,7.6,3.9,11.7,0.0,,,1.7,,1021.6,
111,2016-11-18,8.7,2.2,12.2,0.0,,,10.6,,1014.3,
112,2016-11-19,11.9,10.0,13.3,,,,10.9,,1005.6,
113,2016-11-20,10.9,8.9,12.8,,,,6.1,,1007.0,
114,2016-11-21,9.6,7.2,12.2,,,,,,,
115,2016-11-22,8.9,6.1,12.8,,,,6.2,,1013.5,
116,2016-11-23,8.0,6.1,10.0,,,,9.2,,1015.8,
117,2016-11-24,9.2,7.8,11.7,,,,11.1,,1010.1,
118,2016-11-25,8.4,5.0,10.6,,,,5.3,,1011.8,
119,2016-11-26,9.4,7.2,11.7,,,,7.2,,,
120,2016-11-27,7.4,6.1,8.3,,,,7.3,,,
121,2016-11-28,7.7,5.0,10.6,,,,6.2,,1012.6,
122,2016-11-29,7.9,6.1,11.1,0.0,,,5.1,,1019.4,
123,2016-11-30,8.1,5.6,10.6,,,,14.1,,,
124,2016-12-01,7.1,5.6,8.3,,,,6.1,,,
125,2016-12-02,8.0,6.7,10.0,,,137.0,11.2,,1023.9,
126,2016-12-03,8.3,7.2,9.4,,,,14.3,,1023.8,
127,2016-12-04,4.9,1.7,7.8,,,,8.9,,,
128,2016-12-05,2.5,0.6,3.9,,,,7.0,,1018.8,
129,2016-12-06,1.5,-0.6,5.0,0.0,,,5.1,,,
130,2016-12-07,0.4,-2.2,4.4,0.0,,,7.0,,1029.6,
131,2016-12-08,1.9,0.0,4.4,,,,,,,
132,2016-12-09,1.2,0.0,1.7,,,,9.5,,,
133,2016-12-10,3.9,1.1,6.7,,,,10.7,,,
134,2016-12-11,5.4,4.4,6.1,,,,11.9,,1014.3,
135,2016-12-12,4.7,3.3,6.1,,,,8.6,,,
136,2016-12-13,3.1,1.1,3.9,0.0,,,11.3,,1025.6,
137,2016-12-14,1.8,0.6,5.0,0.0,,,13.4,,1018.1,
138,2016-12-15,2.0,0.6,3.3,0.0,,,4.8,,1013.2,
139,2016-12-16,-0.4,-3.9,1.7,0.0,,,,,1020.1,
140,2016-12-17,-2.2,-5.0,1.1,0.0,,,2.2,,1030.6,
141,2016-12-18,0.7,-2.2,3.9,0.0,,,4.8,,1032.3,
142,2016-12-19,5.3,2.2,8.3,,,,6.3,,1021.5,
143,2016-12-20,8.3,5.6,10.6,,,,13.9,,1022.5,
144,2016-12-21,4.8,1.1,8.9,0.0,,,3.2,,1028.3,
145,2016-12-22,3.8,1.1,6.7,,,,7.6,,1012.4,
146,2016-12-23,3.3,2.2,4.4,,,,4.4,,,
147,2016-12-24,2.9,1.1,5.0,,,,1.7,,,
148,2016-12-25,1.8,-0.6,4.4,,,,3.0,,,
149,2016-12-26,2.8,0.6,5.6,,,,8.2,,1022.0,
150,2016-12-27,5.7,5.0,7.2,,,,14.0,,1017.6,
151,2016-12-28,5.9,4.4,8.9,0.0,,,7.9,,1029.8,
152,2016-12-29,6.2,5.0,8.3,,,,7.7,,,
153,2016-12-30,3.9,-0.6,7.2,,,,4.7,,1025.7,
154,2016-12-31,,,,,,,,,,
155,2017-01-01,1.4,0.6,2.8,,,,6.8,,1007.0,
156,2017-01-02,0.0,-3.3,2.8,0.0,,,5.2,,1016.2,
157,2017-01-03,-1.0,-3.3,2.2,0.0,,,9.9,,,
158,2017-01-04,-1.2,-5.0,3.3,0.0,,,7.0,,1025.6,
159,2017-01-05,-3.4,-7.8,2.8,0.0,,,3.7,,1026.2,
160,2017-01-06,-1.7,-6.7,5.6,0.0,,,4.6,,1018.8,
161,2017-01-07,1.6,-0.6,3.9,0.0,,,10.5,,1013.1,
162,2017-01-08,4.1,2.2,7.8,,,,9.7,,1004.6,
163,2017-01-09,3.6,1.1,5.6,,,,4.3,,,
164,2017-01-10,2.4,0.6,5.0,,,,10.9,,,
165,2017-01-11,0.3,-2.8,1.7,0.0,,,10.0,,1010.2,
166,2017-01-12,-1.7,-5.0,3.3,0.0,,,2.3,,1024.1,
167,2017-01-13,-0.7,-5.0,2.8,0.0,,,5.0,,1030.7,
168,2017-01-14,0.2,-3.9,6.1,0.0,,,2.4,,1028.5,
169,2017-01-15,0.1,-3.3,5.0,0.0,,,,,,
170,2017-01-16,3.5,-0.6,7.2,0.0,,,5.8,,1020.7,
171,2017-01-17,6.1,3.9,7.2,,,,5.9,,1006.8,
172,2017-01-18,8.1,6.7,10.0,,,,10.4,,,
173,2017-01-19,7.6,6.1,10.0,,,,7.0,,998.9,
174,2017-01-20,6.9,1.1,11.1,0.0,,,8.7,,988.9,
175,2017-01-21,7.0,4.4,10.0,,,,3.4,,995.8,
176,2017-01-22,6.6,3.3,10.0,,,,5.3,,1000.5,
177,2017-01-23,3.3,0.0,8.3,0.0,,,3.3,,1010.0,
178,2017-01-24,2.2,-0.6,6.7,0.0,,,2.3,,1020.8,
179,2017-01-25,4.4,1.7,6.7,,,,1.9,,1025.4,
180,2017-01-26,6.7,5.6,8.9,,,,1.4,,1033.1,
181,2017-01-27,6.8,2.2,10.6,0.0,,,4.2,,1037.3,
182,2017-01-28,6.5,2.8,12.2,0.0,,,5.7,,1035.3,
183,2017-01-29,6.1,1.7,9.4,,,,8.5,,,
184,2017-01-30,6.6,5.6,7.8,,,,10.1,,,
185,2017-01-31,5.0,1.7,6.7,0.0,,,12.7,,1025.2,
186,2017-02-01,2.5,-2.8,7.2,0.0,,,13.0,,1026.4,
187,2017-02-02,3.7,-0.6,7.2,,,,11.2,,1020.8,
188,2017-02-03,2.9,1.7,3.9,,,,4.5,,1002.2,
189,2017-02-04,5.7,2.8,7.8,,,,8.1,,,
190,2017-02-05,2.8,0.6,6.1,,,,10.4,,,
191,2017-02-06,,,,,,,,,,
192,2017-02-07,1.9,-1.1,3.9,,,,7.1,,1008.0,
193,2017-02-08,2.7,1.7,4.4,,,,5.6,,,
194,2017-02-09,9.2,4.4,14.4,,,,13.7,,,
195,2017-02-10,7.1,5.0,9.4,,,,17.6,,,
196,2017-02-11,6.1,2.8,10.0,0.0,,,7.5,,1031.2,
197,2017-02-12,4.3,0.0,10.0,0.0,,,5.2,,1031.1,
198,2017-02-13,5.6,0.0,12.8,0.0,,,7.7,,1024.3,
199,2017-02-14,6.4,1.1,11.7,,,,4.6,,1016.8,
200,2017-02-15,9.5,7.2,11.1,,,,8.2,,,
201,2017-02-16,10.4,9.4,11.7,,,,10.3,,,
202,2017-02-17,8.5,6.1,12.8,,,,11.2,,1004.7,
203,2017-02-18,6.9,6.1,7.8,,,,9.2,,,
204,2017-02-19,7.0,3.9,8.9,,,,7.8,,998.9,
205,2017-02-20,6.3,5.0,7.8,,,,,,,
206,2017-02-21,6.1,4.4,8.9,,,,6.8,,,
207,2017-02-22,4.6,0.6,8.3,0.8,,,5.7,,1022.8,
208,2017-02-23,2.9,1.1,5.6,,,,4.3,,1024.3,
209,2017-02-24,4.3,0.0,8.3,,,,5.3,,1022.5,
210,2017-02-25,3.9,-0.6,7.2,0.0,,,6.5,,1021.9,
211,2017-02-26,3.7,2.2,5.6,,,,8.4,,1007.7,
212,2017-02-27,2.7,1.1,5.6,,,,8.9,,,
213,2017-02-28,4.6,0.6,8.9,,,,,,1017.7,
214,2017-03-01,7.3,5.6,9.4,,,156.0,17.1,,1028.9,
215,2017-03-02,7.1,5.6,8.9,,,,9.8,,1026.3,
216,2017-03-03,8.6,5.0,11.1,,,,13.8,,,
217,2017-03-04,5.1,1.7,7.8,,,,6.3,,1005.7,
218,2017-03-05,4.5,1.1,8.3,,,,12.3,,1000.3,
219,2017-03-06,3.6,1.7,6.1,,,159.0,16.1,,1011.7,
220,2017-03-07,4.1,2.2,6.1,,,,9.2,,,
221,2017-03-08,4.6,3.3,6.1,,,,12.0,,1020.9,
222,2017-03-09,5.7,3.9,8.3,,,,5.7,,,
223,2017-03-10,10.0,7.8,11.1,,,,13.3,,,
224,2017-03-11,8.1,5.0,12.2,,,,8.3,,,
225,2017-03-12,,,,,,,,,,
226,2017-03-13,9.9,8.9,11.7,,,,4.6,,,
227,2017-03-14,11.8,8.9,15.6,,,,9.7,,1012.5,
228,2017-03-15,10.0,8.9,11.1,,,,5.7,,1012.2,
229,2017-03-16,8.0,4.4,12.2,,,,13.3,,1023.8,
230,2017-03-17,5.4,2.8,8.3,,,,3.5,,,
231,2017-03-18,8.9,4.4,12.8,,,,11.9,,1010.9,
232,2017-03-19,5.5,0.6,10.6,0.0,,,11.1,,1024.7,
233,2017-03-20,7.3,3.3,11.7,,,312.0,16.9,,1016.0,
234,2017-03-21,9.8,7.8,13.3,,,,6.4,,1007.3,
235,2017-03-22,9.7,7.2,13.9,,,,11.3,,1011.3,
236,2017-03-23,9.5,4.4,15.0,,,,8.7,,1016.8,
237,2017-03-24,9.5,7.8,13.3,,,,11.1,,1011.3,
238,2017-03-25,9.0,6.7,12.2,,,,11.5,,1019.1,
239,2017-03-26,7.9,6.7,9.4,,,,,,1011.1,
240,2017-03-27,9.2,7.2,11.7,,,,12.2,,,
241,2017-03-28,9.7,7.2,12.2,,,141.0,11.3,,1023.5,
242,2017-03-29,10.1,7.8,13.9,,,,13.1,,,
243,2017-03-30,8.9,6.7,11.7,,,,6.5,,1022.4,
244,2017-03-31,8.5,3.3,13.3,0.0,,,6.0,,1028.0,
245,2017-04-01,10.6,8.9,13.3,,,,5.0,,,
246,2017-04-02,8.6,5.6,11.7,,,,8.0,,1026.4,
247,2017-04-03,,,,,,,,,,
248,2017-04-04,10.3,6.1,16.7,,,,5.2,,1015.7,
249,2017-04-05,10.4,8.9,12.8,,,,,,1013.6,
250,2017-04-06,11.2,8.9,15.6,,,,9.0,,1005.3,
251,2017-04-07,11.1,8.9,15.6,,,,19.8,,993.9,
252,2017-04-08,8.6,6.7,11.1,,,,14.2,,1012.6,
253,2017-04-09,8.9,3.3,13.3,,,,5.9,,1018.0,
254,2017-04-10,9.0,6.7,12.2,,,,10.5,,1018.1,
255,2017-04-11,8.4,2.2,13.3,0.0,,,12.8,,1015.4,
256,2017-04-12,11.2,8.3,15.6,,,,9.2,,1006.2,
257,2017-04-13,9.4,7.2,13.3,,,,10.4,,1010.2,
258,2017-04-14,8.5,6.7,11.7,,,,13.7,,1020.8,
259,2017-04-15,9.4,5.0,14.4,0.0,,,8.5,,1024.3,
260,2017-04-16,12.4,5.6,18.3,0.0,,,15.4,,1012.9,
261,2017-04-17,13.3,11.1,16.1,,,,8.1,,1010.8,
262,2017-04-18,11.4,9.4,15.6,,,,5.9,,1015.2,
263,2017-04-19,10.3,7.8,13.3,,,,5.5,,1018.1,
264,2017-04-20,10.9,7.2,14.4,,,,11.6,,1023.7,
265,2017-04-21,13.1,6.1,18.9,0.0,,,10.4,,1025.6,
266,2017-04-22,14.8,10.0,18.3,,,,11.7,,1012.1,
267,2017-04-23,9.6,7.8,12.2,,,,6.3,,1012.6,
268,2017-04-24,10.1,7.2,13.3,,,,9.4,,1008.7,
269,2017-04-25,11.3,8.9,14.4,,,,8.5,,,
270,2017-04-26,11.2,8.9,15.6,,,,15.7,,1011.1,
271,2017-04-27,10.3,7.8,13.9,,,,10.4,,1019.0,
272,2017-04-28,10.8,7.2,14.4,,,,5.0,,1026.8,
273,2017-04-29,9.9,5.6,14.4,,,,5.6,,1024.1,
274,2017-04-30,10.4,8.9,12.8,,,,8.3,,1024.7,
275,2017-05-01,9.0,7.8,10.0,,,,6.3,,,
276,2017-05-02,11.6,6.7,16.7,,,,4.2,,1022.7,
277,2017-05-03,16.5,12.8,23.3,,,,8.0,,,
278,2017-05-04,16.0,11.7,23.3,,,,8.7,,,
279,2017-05-05,13.5,10.0,16.7,,,,12.7,,1012.5,
280,2017-05-06,10.5,6.7,15.0,,,,7.7,,,
281,2017-05-07,11.6,6.7,16.7,0.0,,,7.5,,1023.9,
282,2017-05-08,11.9,6.1,18.3,0.0,,,8.1,,1022.3,
283,2017-05-09,13.8,6.1,20.6,0.0,,,7.0,,1017.6,
284,2017-05-10,16.1,11.1,22.2,0.0,,,7.2,,1012.7,
285,2017-05-11,12.6,9.4,16.7,,,,7.9,,1013.5,
286,2017-05-12,9.4,6.7,12.8,,,,7.3,,,
287,2017-05-13,10.9,8.3,15.6,,,,9.6,,1014.9,
288,2017-05-14,11.4,9.4,15.0,,,,11.1,,1016.4,
289,2017-05-15,10.2,8.9,12.2,,,162.0,10.4,,1014.3,
290,2017-05-16,9.2,8.3,11.7,,,,9.9,,,
291,2017-05-17,11.5,7.8,15.6,,,,8.0,,,
292,2017-05-18,13.9,10.0,17.8,0.0,,,4.2,,1021.7,
293,2017-05-19,15.9,10.0,22.2,0.0,,,6.2,,1020.0,
294,2017-05-20,17.5,13.9,22.2,0.0,,,9.5,,,
295,2017-05-21,18.2,10.6,24.4,0.0,,,10.8,,1023.0,
296,2017-05-22,20.3,12.8,27.8,0.0,,,10.3,,1020.1,
297,2017-05-23,18.8,13.9,25.6,0.0,,,8.8,,1016.0,
298,2017-05-24,13.6,10.0,17.2,0.0,,,8.3,,1016.8,
299,2017-05-25,14.8,7.8,20.6,0.0,,,8.4,,1012.5,
300,2017-05-26,18.6,10.6,25.6,0.0,,,7.5,,1014.4,
301,2017-05-27,20.7,11.7,28.3,0.0,,,8.4,,1017.9,
302,2017-05-28,21.6,13.9,28.9,0.0,,,9.8,,1018.0,
303,2017-05-29,17.2,12.2,23.9,0.0,,,8.8,,1016.5,
304,2017-05-30,13.8,12.8,15.0,,,,8.7,,1015.6,
305,2017-05-31,16.5,12.2,22.8,,,,7.4,,,
306,2017-06-01,16.6,14.4,19.4,,,,10.1,,,
307,2017-06-02,17.5,13.3,22.8,0.0,,,7.9,,1017.8,
308,2017-06-03,15.9,13.9,18.3,0.0,,,8.9,,1017.6,
309,2017-06-04,15.0,12.8,18.9,0.0,,,6.5,,1019.8,
310,2017-06-05,16.0,8.3,22.2,0.0,,,11.8,,1020.8,
311,2017-06-06,20.1,11.7,28.9,0.0,,,9.2,,1014.3,
312,2017-06-07,20.4,14.4,26.1,0.0,,,7.4,,1008.8,
313,2017-06-08,15.3,13.9,17.8,,,,11.0,,,
314,2017-06-09,13.4,11.1,16.7,,,,7.6,,1012.5,
315,2017-06-10,14.6,9.4,18.9,0.0,,,7.9,,1011.8,
316,2017-06-11,16.0,11.1,21.1,0.0,,,8.7,,,
317,2017-06-12,14.8,12.2,18.3,0.0,,,8.9,,1017.0,
318,2017-06-13,14.8,12.2,18.3,,,,11.9,,1019.7,
319,2017-06-14,15.2,11.7,18.3,0.0,,,,,1019.1,
320,2017-06-15,,,,,,,,,,
321,2017-06-16,16.4,13.3,20.6,0.3,,,11.8,,1017.7,
322,2017-06-17,15.1,11.7,18.9,,,,5.9,,,
323,2017-06-18,16.8,13.3,20.6,0.3,,,8.6,,,
324,2017-06-19,18.0,14.4,22.8,0.0,,,12.8,,,
325,2017-06-20,18.0,14.4,21.7,,,,,,,
326,2017-06-21,16.2,12.8,20.0,0.0,,,11.1,,1025.8,
327,2017-06-22,17.6,10.0,23.9,0.0,,,10.2,,1025.4,
328,2017-06-23,19.9,11.1,26.7,0.0,,,12.1,,1022.5,
329,2017-06-24,23.3,13.9,30.6,0.0,,,12.6,,1018.8,
330,2017-06-25,25.8,16.7,33.9,0.0,,,10.3,,1012.3,
331,2017-06-26,19.5,16.1,22.8,0.0,,,,,1014.5,
332,2017-06-27,17.2,13.3,22.2,0.0,,,,,1017.0,
333,2017-06-28,16.9,13.9,21.1,0.0,,,9.5,,1017.4,
334,2017-06-29,19.0,12.8,25.6,0.0,,,7.9,,1020.2,
335,2017-06-30,22.1,16.1,28.9,0.0,,,10.6,,1016.9,
336,2017-07-01,17.8,14.4,23.3,0.0,,,8.5,,1018.4,
337,2017-07-02,19.0,13.3,25.0,0.0,,,,,1018.5,
338,2017-07-03,17.7,15.0,21.1,0.0,,,8.1,,1021.4,
339,2017-07-04,19.3,13.9,25.6,0.0,,,11.1,,,
340,2017-07-05,21.4,12.2,29.4,0.0,,,8.7,,1016.0,
341,2017-07-06,21.9,15.0,29.4,0.0,,,8.2,,1019.5,
342,2017-07-07,19.5,14.4,22.8,0.0,,,,,1022.2,
343,2017-07-08,20.9,15.6,27.2,0.0,,,13.3,,1019.9,
344,2017-07-09,20.9,14.4,26.7,0.0,,,9.2,,1018.9,
345,2017-07-10,19.2,16.1,22.8,0.0,,,,,1017.6,
346,2017-07-11,18.3,13.9,23.9,0.0,,,7.9,,1019.2,
347,2017-07-12,19.4,13.3,25.6,0.0,,,,,1017.1,
348,2017-07-13,18.9,15.0,23.9,0.0,,,9.3,,1019.6,
349,2017-07-14,19.9,12.2,27.2,0.0,,,9.6,,1020.5,
350,2017-07-15,19.3,13.3,25.0,0.0,,,8.0,,1022.2,
351,2017-07-16,18.2,14.4,23.3,0.0,,,10.4,,1024.0,
352,2017-07-17,19.1,11.7,25.0,0.0,,,11.0,,1019.1,
353,2017-07-18,21.0,13.3,27.8,0.0,,,6.9,,1016.8,
354,2017-07-19,19.8,12.8,25.6,0.0,,,,,1018.3,
355,2017-07-20,19.8,17.2,23.9,0.0,,,12.8,,1019.8,
356,2017-07-21,19.6,13.3,25.6,0.0,,,6.3,,1020.7,
357,2017-07-22,22.7,18.3,30.0,0.0,,,,,1020.8,
358,2017-07-23,20.7,17.8,25.0,0.0,,326.0,14.8,,1018.3,
359,2017-07-24,21.3,13.9,27.2,0.0,,,11.0,,1016.2,
360,2017-07-25,22.9,15.0,29.4,0.0,,,9.6,,1016.2,
361,2017-07-26,22.3,16.1,28.9,0.0,,,9.8,,1017.7,
362,2017-07-27,18.1,15.0,21.1,0.0,,,8.1,,1020.4,
363,2017-07-28,19.9,14.4,25.6,0.0,,,9.7,,,
364,2017-07-29,20.8,13.9,27.8,0.0,,,8.4,,1020.8,
365,2017-07-30,20.8,15.0,26.7,0.0,,,10.6,,1024.4,
366,2017-07-31,22.3,16.1,28.9,0.0,,,15.7,,1023.7,
367,2017-08-01,23.1,14.4,30.0,0.0,,,9.9,,1020.0,
368,2017-08-02,25.0,17.2,31.7,0.0,,,12.1,,1016.8,
369,2017-08-03,25.6,18.3,33.3,0.0,,,6.6,,,
370,2017-08-04,25.8,17.8,33.3,0.0,,,6.1,,1011.2,
371,2017-08-05,21.4,16.1,27.2,0.0,,,9.1,,1013.0,
372,2017-08-06,21.9,16.1,27.2,0.0,,,7.6,,1014.0,
373,2017-08-07,22.5,16.7,28.9,0.0,,,7.0,,1015.1,
374,2017-08-08,23.5,17.2,30.6,0.0,,,7.4,,,
375,2017-08-09,24.1,17.2,31.7,0.0,,,7.3,,1013.8,
376,2017-08-10,23.8,17.2,30.6,0.0,,,8.3,,,
377,2017-08-11,21.9,16.7,26.7,0.0,,,7.2,,,
378,2017-08-12,,,,,,,,,,
379,2017-08-13,18.8,16.7,22.8,,,,11.4,,,
380,2017-08-14,18.6,15.0,22.2,0.0,,,,,1015.8,
381,2017-08-15,19.2,11.7,25.6,0.0,,,9.9,,1014.9,
382,2017-08-16,20.4,13.3,26.7,0.0,,,7.0,,1018.7,
383,2017-08-17,20.5,17.2,25.0,0.0,,,7.4,,1021.4,
384,2017-08-18,19.2,15.0,23.3,0.0,,,7.4,,1021.3,
385,2017-08-19,19.8,15.0,25.0,0.0,,,10.9,,1022.0,
386,2017-08-20,19.2,12.8,24.4,0.0,,,10.3,,1020.9,
387,2017-08-21,21.1,16.1,27.8,0.0,,,13.0,,1018.8,
388,2017-08-22,23.2,15.6,30.6,0.0,,,,,1015.9,
389,2017-08-23,20.2,16.7,24.4,0.0,,,7.0,,1016.6,
390,2017-08-24,18.4,15.0,22.2,,,,9.0,,1018.1,
391,2017-08-25,18.5,11.7,24.4,0.0,,,10.4,,1018.6,
392,2017-08-26,20.5,12.2,27.8,0.0,,,12.6,,1020.6,
393,2017-08-27,22.6,14.4,30.6,0.0,,,10.5,,1017.8,
394,2017-08-28,23.1,15.6,31.1,0.0,,,6.0,,1012.7,
395,2017-08-29,23.2,17.2,31.1,0.0,,,9.0,,1011.3,
396,2017-08-30,20.1,17.2,25.0,0.0,,,8.8,,1016.0,
397,2017-08-31,19.9,17.8,23.9,,,,7.0,,1020.3,
398,2017-09-01,21.2,14.4,27.8,0.0,,,13.3,,1019.7,
399,2017-09-02,23.5,15.0,31.7,0.0,,,9.3,,1015.9,
400,2017-09-03,24.1,16.7,31.7,0.0,,,9.5,,1015.9,
401,2017-09-04,23.8,15.6,30.6,0.0,,,10.6,,1015.5,
402,2017-09-05,24.0,18.9,28.3,0.0,,,7.1,,1012.4,
403,2017-09-06,22.5,18.3,27.8,0.0,,,5.7,,1013.9,
404,2017-09-07,20.9,17.8,24.4,,,,5.9,,1013.1,
405,2017-09-08,20.4,18.9,22.8,0.0,,,5.7,,,
406,2017-09-09,17.9,16.7,20.6,,,,10.3,,,
407,2017-09-10,18.9,15.0,23.3,0.0,,,7.6,,1024.9,
408,2017-09-11,18.4,10.0,26.7,0.0,,,6.3,,1020.4,
409,2017-09-12,20.2,13.9,25.0,0.0,,,10.4,,1015.6,
410,2017-09-13,16.8,12.8,20.6,0.0,,,6.7,,1015.0,
411,2017-09-14,17.2,11.7,23.3,0.0,,,6.9,,1014.5,
412,2017-09-15,16.2,8.3,23.9,0.0,,,5.7,,1018.1,
413,2017-09-16,16.0,10.0,23.9,0.0,,,4.5,,1015.5,
414,2017-09-17,14.5,12.2,18.9,,,,8.4,,,
415,2017-09-18,13.4,11.1,17.2,,,,9.4,,,
416,2017-09-19,12.8,10.6,16.1,,,,8.7,,1007.1,
417,2017-09-20,12.0,10.6,13.9,,,,5.0,,,
418,2017-09-21,12.6,10.6,17.8,,,,4.2,,1013.8,
419,2017-09-22,14.8,10.6,20.6,0.0,,,4.6,,1017.4,
420,2017-09-23,16.1,12.2,20.6,0.0,,,,,1018.9,
421,2017-09-24,15.2,8.9,22.2,0.0,,,4.7,,1020.6,
422,2017-09-25,16.5,13.9,18.9,,,,4.6,,1019.8,
423,2017-09-26,17.0,11.7,22.8,0.0,,,8.7,,1021.3,
424,2017-09-27,18.4,11.7,26.1,0.0,,,8.2,,1018.5,
425,2017-09-28,20.1,11.7,30.6,0.0,,,3.9,,1013.2,
426,2017-09-29,17.0,14.4,20.0,,,,11.6,,,
427,2017-09-30,14.8,12.8,18.9,,,,11.5,,1018.8,
428,2017-10-01,13.9,10.6,16.7,,,,7.2,,1020.5,
429,2017-10-02,11.9,8.3,16.7,0.0,,,7.7,,1021.8,
430,2017-10-03,13.1,6.1,20.6,0.0,,,11.2,,1024.8,
431,2017-10-04,12.7,6.1,20.0,0.0,,,,,1022.0,
432,2017-10-05,12.5,5.6,20.6,0.0,,,3.5,,,
433,2017-10-06,12.9,7.8,19.4,0.0,,,15.2,,1017.7,
434,2017-10-07,13.5,10.0,17.2,,,,11.1,,1015.0,
435,2017-10-08,11.3,8.3,16.1,,,,4.8,,1024.1,
436,2017-10-09,11.0,5.0,17.8,0.0,,,5.2,,,
437,2017-10-10,10.9,7.8,15.0,,,,7.0,,,
438,2017-10-11,9.7,6.7,13.9,,,,,,1016.6,
439,2017-10-12,8.8,7.8,10.0,,,,6.3,,,
440,2017-10-13,8.9,5.6,12.2,,,,6.6,,1022.5,
441,2017-10-14,8.0,2.8,13.9,0.0,,,4.7,,1032.6,
442,2017-10-15,10.0,3.9,17.2,0.0,,,4.0,,1027.0,
443,2017-10-16,11.4,6.1,17.8,0.0,,,9.7,,1022.7,
444,2017-10-17,12.8,9.4,16.7,,,,11.0,,1017.8,
445,2017-10-18,12.4,8.9,18.9,,,,12.9,,1009.6,
446,2017-10-19,11.8,10.6,12.8,,,,9.6,,,
447,2017-10-20,10.2,7.8,12.2,,,,13.6,,1007.4,
448,2017-10-21,9.8,7.2,15.0,,,,8.6,,,
449,2017-10-22,13.6,10.0,15.6,,,,14.0,,1019.9,
450,2017-10-23,12.4,8.9,18.9,0.0,,,5.6,,1036.3,
451,2017-10-24,11.5,6.1,18.3,0.0,,,7.8,,1030.8,
452,2017-10-25,10.3,6.1,15.6,,,,8.1,,,
453,2017-10-26,12.0,11.1,14.4,0.0,,,13.8,,1024.4,
454,2017-10-27,12.4,8.9,18.9,0.0,,,15.4,,1021.7,
455,2017-10-28,11.3,6.7,17.8,0.0,,,4.1,,1016.6,
456,2017-10-29,10.0,7.8,13.3,0.0,,,2.9,,,
457,2017-10-30,10.7,5.6,17.2,,,,9.1,,1021.8,
458,2017-10-31,8.1,2.8,15.6,0.0,,,4.8,,1017.1,
459,2017-11-01,11.1,8.9,13.3,,,,8.5,,1009.6,
460,2017-11-02,8.6,6.1,10.6,,,,12.9,,,
461,2017-11-03,3.7,1.7,6.7,,,,10.2,,1014.4,
462,2017-11-04,3.9,2.2,5.6,,,,3.3,,,
463,2017-11-05,3.2,2.2,5.0,,,,7.3,,,
464,2017-11-06,4.5,2.2,8.3,0.0,,,4.0,,,
465,2017-11-07,6.4,2.2,9.4,0.0,,,7.9,,1021.7,
466,2017-11-08,9.8,6.7,13.3,,,,12.2,,1010.2,
467,2017-11-09,9.0,7.8,11.1,,,,6.7,,1007.8,
468,2017-11-10,7.2,3.3,10.6,,,,2.8,,1013.0,
469,2017-11-11,8.2,2.8,12.2,,,,3.5,,1015.9,
470,2017-11-12,10.5,8.9,13.3,,,,5.3,,,
471,2017-11-13,10.1,7.8,12.8,,,,20.2,,1007.0,
472,2017-11-14,10.7,7.2,13.3,,,,17.3,,1014.2,
473,2017-11-15,8.9,6.7,12.8,,,,7.5,,1004.3,
474,2017-11-16,7.0,6.1,7.8,,,,9.6,,,
475,2017-11-17,7.7,6.7,10.6,0.0,,,11.1,,1018.6,
476,2017-11-18,8.3,6.7,11.7,,,,3.5,,1024.1,
477,2017-11-19,7.1,3.9,12.8,,,,6.9,,1011.5,
478,2017-11-20,8.0,3.9,10.6,,,,4.9,,,
479,2017-11-21,7.9,2.8,12.8,,,,5.2,,,
480,2017-11-22,15.1,12.2,20.6,,,,5.7,,1013.7,
481,2017-11-23,12.7,9.4,16.1,,,,11.9,,,
482,2017-11-24,9.9,8.9,11.7,,,149.0,12.6,,1018.7,
483,2017-11-25,8.6,6.1,10.0,,,,4.0,,1013.0,
484,2017-11-26,9.6,6.1,13.3,,,,11.4,,,
485,2017-11-27,7.8,6.1,10.6,,,,7.8,,,
486,2017-11-28,7.3,6.7,8.3,,,,6.4,,,
487,2017-11-29,7.9,6.1,11.1,,,,5.6,,1028.2,
488,2017-11-30,6.9,5.6,8.3,,,,6.7,,1021.1,
489,2017-12-01,6.9,4.4,9.4,,,,7.4,,,
490,2017-12-02,6.0,5.0,6.7,,,,5.6,,1012.9,
491,2017-12-03,5.7,3.9,7.2,,,,3.8,,,
492,2017-12-04,2.3,0.0,4.4,,,,1.6,,,
493,2017-12-05,3.4,0.6,7.8,0.0,,,12.1,,1037.4,
494,2017-12-06,5.7,2.8,11.1,0.0,,,,,1036.8,
495,2017-12-07,3.1,-0.6,10.0,0.0,,,1.4,,1033.9,
496,2017-12-08,0.7,-1.1,2.8,0.0,,,5.9,,1033.3,
497,2017-12-09,1.2,-1.7,5.0,0.0,,,2.9,,,
498,2017-12-10,2.9,0.0,8.3,0.0,,,2.8,,1029.8,
499,2017-12-11,2.4,-1.7,8.9,0.0,,,6.7,,,
500,2017-12-12,3.0,-0.6,7.2,0.0,,,3.6,,1031.4,
501,2017-12-13,4.8,0.0,8.9,0.0,,,,,1030.2,
502,2017-12-14,4.1,0.6,9.4,0.0,,,3.0,,1027.0,
503,2017-12-15,5.0,2.8,6.7,,,,6.0,,1023.6,
504,2017-12-16,5.5,2.8,7.8,,,,3.9,,,
505,2017-12-17,8.8,6.1,11.1,,,149.0,14.5,,1019.4,
506,2017-12-18,8.6,6.1,10.6,,,,7.3,,,
507,2017-12-19,7.0,5.6,10.6,,,,14.5,,1004.7,
508,2017-12-20,4.1,-0.6,7.2,,,,9.0,,1022.1,
509,2017-12-21,2.0,-1.1,5.6,,,,5.0,,1029.7,
510,2017-12-22,3.9,2.8,5.0,,,,7.6,,,
511,2017-12-23,1.6,-1.1,4.4,0.0,,,10.9,,1031.3,
512,2017-12-24,1.0,-1.1,3.9,,,,3.9,,1025.2,
513,2017-12-25,0.9,0.0,1.7,,,,1.0,,,
514,2017-12-26,1.7,0.0,4.4,0.0,,,1.1,,,
515,2017-12-27,2.7,1.1,4.4,0.0,,,0.5,,1025.6,
516,2017-12-28,6.9,3.9,9.4,,,,7.2,,1019.1,
517,2017-12-29,8.8,6.7,12.8,,,,8.6,,,
518,2017-12-30,7.5,5.0,9.4,,,,11.0,,1022.3,
519,2017-12-31,,,,,,,,,,
520,2018-01-01,2.5,-1.1,6.7,0.0,,,8.2,,,
521,2018-01-02,4.0,2.2,6.1,0.0,,,7.5,,1027.6,
522,2018-01-03,4.2,-1.1,9.4,0.0,,,8.6,,,
523,2018-01-04,5.4,1.7,7.8,,,,2.2,,1016.6,
524,2018-01-05,8.8,7.2,10.0,,,,7.9,,1016.0,
525,2018-01-06,8.0,6.7,9.4,,,,9.7,,1023.5,
526,2018-01-07,6.8,5.6,7.8,,,,2.8,,,
527,2018-01-08,7.7,5.6,8.9,,,,4.0,,1008.9,
528,2018-01-09,7.6,6.7,8.3,,,,4.6,,,
529,2018-01-10,7.0,6.1,8.3,,,,8.5,,1015.3,
530,2018-01-11,8.3,6.1,10.6,,,,7.6,,,
531,2018-01-12,10.8,9.4,12.2,,,,11.2,,1025.0,
532,2018-01-13,10.2,8.3,13.3,,,,8.2,,1028.9,
533,2018-01-14,7.9,5.6,12.8,0.0,,,6.4,,1021.7,
534,2018-01-15,10.2,5.0,17.8,,,,11.7,,1015.5,
535,2018-01-16,10.3,7.2,13.3,,,,10.1,,1021.8,
536,2018-01-17,10.4,6.1,14.4,,,,8.5,,1012.8,
537,2018-01-18,7.7,4.4,11.7,,,,9.1,,1009.7,
538,2018-01-19,6.4,3.3,8.9,,,,10.8,,1012.4,
539,2018-01-20,7.4,5.0,10.0,,,137.0,12.7,,,
540,2018-01-21,9.4,5.6,12.2,,,144.0,17.5,,1012.1,
541,2018-01-22,6.8,4.4,8.9,,,,12.2,,,
542,2018-01-23,6.4,5.0,7.8,,,,6.2,,1014.6,
543,2018-01-24,7.9,5.6,9.4,,,,8.6,,1005.2,
544,2018-01-25,5.2,3.3,7.2,,,,9.1,,,
545,2018-01-26,5.1,4.4,6.1,,,,10.6,,1019.2,
546,2018-01-27,7.9,5.6,10.0,,,,14.9,,1018.5,
547,2018-01-28,9.4,6.7,14.4,,,,6.2,,,
548,2018-01-29,8.9,7.2,10.6,,,,11.4,,,
549,2018-01-30,7.2,5.6,9.4,,,158.0,15.5,,1020.4,
550,2018-01-31,6.8,5.0,8.3,,,,10.9,,1023.8,
551,2018-02-01,7.5,6.7,8.3,,,,5.2,,1022.4,
552,2018-02-02,10.9,7.2,13.3,,,,12.4,,,
553,2018-02-03,10.6,10.0,11.1,,,,10.7,,,
554,2018-02-04,12.0,10.6,13.9,,,,15.9,,,
555,2018-02-05,9.6,8.3,10.6,,,,12.3,,,
556,2018-02-06,9.2,7.8,10.6,,,161.0,9.2,,,
557,2018-02-07,10.9,8.9,12.8,,,,5.1,,1028.3,
558,2018-02-08,10.8,7.2,12.8,,,,13.4,,1022.4,
559,2018-02-09,7.0,5.0,9.4,,,,6.8,,,
560,2018-02-10,4.4,1.7,7.2,0.0,,,6.1,,1028.4,
561,2018-02-11,4.0,0.6,8.3,0.0,,,6.8,,1016.7,
562,2018-02-12,4.1,0.6,7.8,0.0,,,11.7,,1026.2,
563,2018-02-13,3.9,-1.7,10.0,,,,4.3,,1024.2,
564,2018-02-14,4.8,3.3,6.1,,,,8.2,,1019.0,
565,2018-02-15,,,,,,,,,,
566,2018-02-16,7.3,5.6,8.9,,,160.0,15.4,,,
567,2018-02-17,8.2,6.1,10.6,,,169.0,21.7,,,
568,2018-02-18,2.7,0.6,5.6,,,,23.6,,,
569,2018-02-19,0.9,-1.1,2.8,0.0,,,12.8,,1022.3,
570,2018-02-20,0.6,-1.7,2.8,0.0,,,,,1023.6,
571,2018-02-21,-0.5,-3.9,2.2,,,,5.3,,,
572,2018-02-22,0.5,-2.2,3.9,,,,9.7,,1027.0,
573,2018-02-23,0.1,-3.9,4.4,,,140.0,11.4,,,
574,2018-02-24,4.8,2.8,6.7,,,,9.4,,,
575,2018-02-25,5.4,3.3,6.7,,,,16.2,,1012.1,
576,2018-02-26,3.5,-0.6,8.3,0.0,,,4.8,,1021.4,
577,2018-02-27,5.8,2.8,8.9,,,,12.8,,,
578,2018-02-28,6.5,4.4,8.9,,,,9.2,,1008.9,
579,2018-03-01,6.8,2.8,10.6,,,,6.8,,1000.3,
580,2018-03-02,5.2,2.8,8.3,,,,5.3,,1005.5,
581,2018-03-03,5.1,0.0,10.6,0.0,,,9.2,,1013.9,
582,2018-03-04,4.3,0.6,9.4,,,,8.2,,1022.1,
583,2018-03-05,6.7,4.4,9.4,0.0,,,6.2,,1028.8,
584,2018-03-06,6.7,1.7,11.1,0.0,,,9.9,,1026.8,
585,2018-03-07,6.1,1.7,10.0,0.3,,,12.4,,1016.6,
586,2018-03-08,8.2,5.0,12.2,,,,9.9,,1006.5,
587,2018-03-09,7.5,3.9,10.0,,,,9.6,,1016.6,
588,2018-03-10,6.5,0.0,14.4,0.0,,,7.0,,,
589,2018-03-11,,,,,,,,,,
590,2018-03-12,13.6,5.0,22.8,0.0,,,,,1016.1,
591,2018-03-13,14.3,8.3,19.4,,,,12.9,,,
592,2018-03-14,,,,,,,,,,
593,2018-03-15,6.8,0.6,13.3,0.0,,,8.6,,1009.4,
594,2018-03-16,8.4,1.7,13.9,0.0,,,9.7,,1010.1,
595,2018-03-17,7.9,2.8,13.3,0.0,,,8.1,,1013.1,
596,2018-03-18,8.9,5.0,13.3,0.0,,,5.6,,1021.1,
597,2018-03-19,7.7,2.8,12.2,0.0,,,5.2,,1024.1,
598,2018-03-20,6.9,0.6,12.8,0.0,,,6.4,,1018.3,
599,2018-03-21,7.9,1.7,15.0,,,,4.2,,1006.6,
600,2018-03-22,7.0,4.4,9.4,,,,9.6,,,
601,2018-03-23,5.6,2.8,9.4,,,,8.3,,1010.1,
602,2018-03-24,6.2,1.7,9.4,,,,6.5,,1012.2,
603,2018-03-25,6.6,2.2,11.7,,,,7.2,,,
604,2018-03-26,7.4,5.6,8.9,,,155.0,16.4,,1024.9,
605,2018-03-27,10.1,7.8,12.2,,,165.0,17.8,,1027.1,
606,2018-03-28,9.3,7.2,11.7,,,,7.5,,,
607,2018-03-29,10.4,7.8,13.9,0.0,,,9.0,,1027.9,
608,2018-03-30,11.6,9.4,15.0,,,,11.4,,1023.1,
609,2018-03-31,10.7,7.8,15.0,0.0,,,8.3,,,
610,2018-04-01,7.9,3.9,10.6,,,,15.7,,1014.4,
611,2018-04-02,7.1,3.3,12.2,0.0,,,12.7,,1017.4,
612,2018-04-03,8.4,5.6,10.6,0.0,,,7.4,,1019.1,
613,2018-04-04,7.8,5.6,9.4,,,,4.2,,1018.4,
614,2018-04-05,10.5,8.3,13.9,,,,5.0,,,
615,2018-04-06,13.5,10.6,17.8,,,,6.8,,1007.9,
616,2018-04-07,12.3,10.6,17.2,,,,11.4,,997.5,
617,2018-04-08,9.9,8.9,11.7,,,153.0,15.9,,,
618,2018-04-09,11.7,7.8,16.7,0.0,,,9.7,,1021.9,
619,2018-04-10,12.5,8.9,16.7,,,,11.2,,1011.6,
620,2018-04-11,10.3,7.2,13.9,,,,8.7,,1008.2,
621,2018-04-12,8.3,6.1,11.7,,,,12.4,,1014.0,
622,2018-04-13,9.7,6.7,12.8,,,145.0,14.3,,,
623,2018-04-14,10.1,8.9,12.2,,,,5.8,,,
624,2018-04-15,8.9,7.2,10.6,,,,13.0,,,
625,2018-04-16,7.7,6.1,8.9,,,,16.4,,1005.8,
626,2018-04-17,9.5,6.7,12.2,,,,17.2,,,
627,2018-04-18,9.4,5.6,14.4,,,,8.6,,1023.4,
628,2018-04-19,10.5,3.9,16.7,0.0,,,5.1,,1024.5,
629,2018-04-20,12.0,6.1,17.2,0.0,,,6.2,,1023.9,
630,2018-04-21,10.8,8.3,13.9,,,,12.3,,1027.8,
631,2018-04-22,10.5,7.2,14.4,0.0,,,10.4,,1029.0,
632,2018-04-23,12.6,5.0,19.4,0.0,,,13.0,,1026.2,
633,2018-04-24,16.8,9.4,26.1,0.0,,,,,1020.9,
634,2018-04-25,16.6,10.0,23.3,0.0,,,14.1,,1018.8,
635,2018-04-26,17.8,9.4,27.2,0.0,,,10.6,,1015.0,
636,2018-04-27,12.9,11.1,16.7,,,173.0,13.3,,1014.0,
637,2018-04-28,11.0,9.4,13.3,,,,9.3,,,
638,2018-04-29,12.7,9.4,17.2,0.0,,,10.1,,1016.5,
639,2018-04-30,11.7,9.4,14.4,,,,8.2,,,
640,2018-05-01,12.6,10.0,16.7,,,,5.3,,1019.6,
641,2018-05-02,13.9,7.2,20.0,0.0,,,6.1,,1019.9,
642,2018-05-03,15.9,9.4,24.4,0.0,,,7.3,,1020.2,
643,2018-05-04,13.8,11.7,17.8,,,,7.9,,,
644,2018-05-05,14.8,10.6,20.0,,,319.0,14.8,,1020.3,
645,2018-05-06,17.1,12.8,23.9,0.0,,,7.3,,1016.3,
646,2018-05-07,15.9,12.8,20.0,0.0,,,8.2,,1022.7,
647,2018-05-08,17.2,10.6,25.6,,,,6.8,,1016.5,
648,2018-05-09,15.9,13.9,19.4,,,,11.5,,1017.6,
649,2018-05-10,13.2,11.1,16.7,,,,8.3,,,
650,2018-05-11,14.3,11.1,18.9,0.0,,,4.1,,1024.0,
651,2018-05-12,16.5,8.9,23.3,0.0,,,8.6,,1019.3,
652,2018-05-13,19.8,11.7,28.3,0.0,,,7.0,,1013.9,
653,2018-05-14,21.6,13.9,29.4,0.0,,,7.6,,1012.9,
654,2018-05-15,17.2,13.3,21.7,0.0,,,10.3,,1013.7,
655,2018-05-16,16.0,13.9,20.0,0.0,,,9.8,,1017.4,
656,2018-05-17,15.3,12.8,18.3,0.0,,,,,1018.7,
657,2018-05-18,15.4,12.8,18.9,,,,6.2,,1017.7,
658,2018-05-19,17.4,14.4,22.2,,,,5.7,,1015.8,
659,2018-05-20,15.7,12.8,19.4,,,,,,,
660,2018-05-21,16.6,12.2,21.7,0.0,,322.0,12.9,,1017.7,
661,2018-05-22,18.7,12.2,25.0,0.0,,319.0,13.3,,1013.2,
662,2018-05-23,20.3,13.9,26.1,0.0,,,9.7,,1009.7,
663,2018-05-24,17.0,13.9,21.1,,,,8.9,,1017.1,
664,2018-05-25,15.6,12.2,20.0,0.0,,,10.1,,,
665,2018-05-26,15.5,11.7,18.9,,,,6.3,,,
666,2018-05-27,17.1,10.0,23.9,0.0,,,8.0,,,
667,2018-05-28,16.3,11.7,21.1,0.0,,,8.3,,1023.4,
668,2018-05-29,14.3,11.7,17.8,,,,,,1019.8,
669,2018-05-30,14.1,10.0,18.9,0.0,,,9.7,,,
670,2018-05-31,13.6,11.1,17.2,0.0,,,6.3,,1013.6,
671,2018-06-01,15.1,10.0,20.0,0.0,,,,,1022.6,
672,2018-06-02,18.2,12.2,24.4,0.0,,,8.8,,1023.0,
673,2018-06-03,15.3,12.8,18.3,,,,6.7,,,
674,2018-06-04,14.4,11.1,18.3,,,,7.9,,1018.8,
675,2018-06-05,15.5,10.0,20.6,0.0,,,,,1016.5,
676,2018-06-06,17.2,10.0,24.4,0.0,,,8.4,,1014.0,
677,2018-06-07,16.5,13.9,20.0,0.0,,,10.2,,,
678,2018-06-08,15.1,12.8,17.8,,,,7.0,,1016.7,
679,2018-06-09,13.3,10.6,16.7,,,,7.5,,,
680,2018-06-10,13.0,10.0,17.2,,,,12.8,,1018.2,
681,2018-06-11,14.5,8.9,20.0,0.0,,,5.1,,1022.4,
682,2018-06-12,15.2,8.3,20.0,,,,7.6,,1018.1,
683,2018-06-13,16.1,12.8,20.0,,,,11.3,,1013.7,
684,2018-06-14,15.9,13.3,18.9,0.0,,,8.2,,,
685,2018-06-15,16.8,10.0,22.2,0.0,,,10.5,,1015.1,
686,2018-06-16,18.5,11.7,24.4,,,,8.6,,,
687,2018-06-17,22.2,14.4,29.4,0.0,,,8.4,,1013.2,
688,2018-06-18,23.3,15.6,31.1,0.0,,,7.7,,1013.9,
689,2018-06-19,22.3,15.0,30.0,0.0,,,7.7,,1017.1,
690,2018-06-20,24.1,18.9,29.4,0.0,,,7.5,,1013.9,
691,2018-06-21,18.0,16.1,21.1,0.0,,,10.7,,1019.7,
692,2018-06-22,17.5,15.6,20.6,,,,9.2,,1021.4,
693,2018-06-23,17.4,14.4,22.8,,,,6.1,,,
694,2018-06-24,18.3,12.8,25.0,0.0,,,11.9,,1015.4,
695,2018-06-25,17.7,14.4,22.8,,,,,,,
696,2018-06-26,17.4,13.3,22.2,0.0,,,10.3,,,
697,2018-06-27,16.8,13.3,20.0,0.0,,,8.3,,1018.4,
698,2018-06-28,16.6,13.9,19.4,0.0,,,6.9,,,
699,2018-06-29,18.3,14.4,22.2,,,,7.7,,1020.2,
700,2018-06-30,17.2,15.0,18.9,,,,10.7,,1022.4,
701,2018-07-01,16.9,14.4,21.1,,,,11.7,,1022.8,
702,2018-07-02,16.7,12.8,21.1,0.0,,,7.8,,1022.9,
703,2018-07-03,17.5,10.6,23.9,0.0,,,9.8,,1020.4,
704,2018-07-04,21.0,14.4,28.9,,,,,,1014.1,
705,2018-07-05,22.4,16.1,29.4,0.0,,,9.6,,1017.4,
706,2018-07-06,20.6,15.0,26.1,,,,10.6,,1020.5,
707,2018-07-07,19.6,16.1,23.9,0.0,,,8.4,,1022.4,
708,2018-07-08,20.5,13.3,26.1,0.0,,,12.4,,1018.7,
709,2018-07-09,18.8,15.0,22.8,,,,9.2,,1020.7,
710,2018-07-10,19.0,15.6,23.9,0.0,,,9.1,,,
711,2018-07-11,21.0,15.0,26.7,0.0,,,12.1,,1022.0,
712,2018-07-12,23.4,15.0,30.6,0.0,,,10.0,,1018.2,
713,2018-07-13,23.8,17.8,29.4,0.0,,,11.6,,1017.5,
714,2018-07-14,23.4,16.7,29.4,0.0,,,12.0,,1019.3,
715,2018-07-15,25.5,16.7,32.8,0.0,,,12.8,,1015.8,
716,2018-07-16,24.9,16.7,32.2,0.0,,,8.2,,1015.7,
717,2018-07-17,22.9,16.7,30.0,0.0,,,10.6,,1016.7,
718,2018-07-18,20.4,17.2,26.1,0.0,,,,,1021.1,
719,2018-07-19,17.6,15.0,20.0,0.0,,,9.7,,,
720,2018-07-20,18.8,14.4,23.3,0.0,,,9.4,,1021.4,
721,2018-07-21,19.7,12.8,25.6,0.0,,,,,1021.3,
722,2018-07-22,22.4,13.3,30.0,0.0,,,10.3,,1021.5,
723,2018-07-23,24.7,16.1,32.2,0.0,,,10.2,,1018.9,
724,2018-07-24,24.4,16.7,31.1,0.0,,,9.1,,1019.2,
725,2018-07-25,24.9,16.7,31.7,0.0,,,8.0,,1020.1,
726,2018-07-26,25.7,17.2,33.3,0.0,,,6.2,,1018.4,
727,2018-07-27,23.6,16.7,30.6,0.0,,,7.7,,1016.2,
728,2018-07-28,22.8,16.7,29.4,0.0,,,,,1016.8,
729,2018-07-29,25.2,17.2,33.3,0.0,,,8.9,,1016.6,
730,2018-07-30,25.4,19.4,31.7,0.0,,,8.3,,1015.5,
731,2018-07-31,21.1,16.7,27.8,0.0,,,10.1,,1016.6,
732,2018-08-01,19.5,16.7,25.0,0.0,,,,,1016.9,
733,2018-08-02,17.9,15.6,21.7,,,,10.5,,1017.8,
734,2018-08-03,19.2,15.6,23.3,,,,7.5,,1019.3,
735,2018-08-04,20.4,13.9,26.7,0.0,,,11.1,,1016.8,
736,2018-08-05,22.0,15.0,29.4,0.0,,,8.6,,1016.1,
737,2018-08-06,23.4,16.7,30.6,0.0,,,11.2,,1018.5,
738,2018-08-07,24.5,16.7,32.2,0.0,,,11.4,,1015.9,
739,2018-08-08,25.4,17.2,33.9,0.0,,,7.2,,1012.4,
740,2018-08-09,25.2,18.3,32.8,0.0,,,9.0,,,
741,2018-08-10,23.4,18.3,28.9,0.0,,,11.2,,1013.8,
742,2018-08-11,20.3,17.8,23.3,,,162.0,13.3,,1017.8,
743,2018-08-12,19.6,16.7,22.8,0.0,,,9.7,,1021.0,
744,2018-08-13,20.4,15.6,25.6,0.0,,322.0,15.0,,1018.0,
745,2018-08-14,22.5,15.6,28.9,0.0,,,9.2,,1013.0,
746,2018-08-15,23.0,16.7,30.0,0.0,,,5.7,,,
747,2018-08-16,19.2,16.1,23.3,0.0,,,5.9,,,
748,2018-08-17,18.6,13.9,23.3,0.0,,,7.9,,1023.2,
749,2018-08-18,19.9,12.8,26.7,0.0,,,7.8,,1022.2,
750,2018-08-19,20.8,15.0,25.6,0.0,,,9.4,,,
751,2018-08-20,21.1,15.6,26.7,0.0,,,6.0,,,
752,2018-08-21,23.6,16.7,31.1,0.0,,,7.6,,,
753,2018-08-22,22.3,15.6,31.1,0.0,,,7.5,,1013.6,
754,2018-08-23,18.6,15.6,23.3,,,,11.6,,,
755,2018-08-24,17.3,14.4,21.1,0.0,,,9.0,,1018.6,
756,2018-08-25,15.2,11.1,18.3,,,,4.3,,1018.6,
757,2018-08-26,16.5,15.0,18.9,,,,8.2,,,
758,2018-08-27,18.1,15.0,23.9,,,,6.3,,,
759,2018-08-28,19.7,12.2,27.8,0.0,,,6.1,,,
760,2018-08-29,19.0,13.9,25.6,0.0,,,7.8,,1012.8,
761,2018-08-30,19.6,16.7,23.9,0.0,,,7.8,,1016.6,
762,2018-08-31,18.7,16.1,21.7,0.0,,,9.6,,,
763,2018-09-01,18.3,15.6,22.2,0.0,,,8.0,,1020.4,
764,2018-09-02,17.9,10.6,24.4,0.0,,,9.2,,1019.2,
765,2018-09-03,19.0,16.1,23.3,0.0,,,9.9,,,
766,2018-09-04,18.1,10.6,23.9,0.0,,,10.4,,1019.1,
767,2018-09-05,20.0,12.2,27.2,0.0,,,9.2,,1015.5,
768,2018-09-06,20.8,12.8,29.4,0.0,,,,,1017.1,
769,2018-09-07,18.2,13.3,25.0,,,,6.4,,1018.8,
770,2018-09-08,18.3,15.0,22.2,,,,8.6,,1018.5,
771,2018-09-09,19.0,14.4,23.9,1.5,,,9.2,,,
772,2018-09-10,17.6,15.6,21.1,,,,11.7,,,
773,2018-09-11,16.7,14.4,20.0,,,,9.0,,,
774,2018-09-12,16.1,13.3,20.6,,,,7.4,,1013.9,
775,2018-09-13,16.6,13.9,20.6,,,,8.6,,1015.1,
776,2018-09-14,15.9,13.3,20.6,,,,,,1015.1,
777,2018-09-15,14.5,11.7,18.3,,,,6.6,,1012.1,
778,2018-09-16,15.0,12.8,18.9,,,,10.1,,1013.6,
779,2018-09-17,14.2,9.4,18.9,0.0,,,8.7,,,
780,2018-09-18,13.9,7.8,20.0,0.0,,,6.4,,,
781,2018-09-19,14.7,8.9,20.6,,,,6.7,,,
782,2018-09-20,15.6,12.8,18.9,,,,5.4,,1020.3,
783,2018-09-21,18.5,15.6,22.8,,,,8.1,,,
784,2018-09-22,17.2,13.9,21.1,,,,14.6,,,
785,2018-09-23,14.8,11.7,18.9,,,,,,,
786,2018-09-24,14.0,9.4,19.4,0.0,,,9.4,,1024.7,
787,2018-09-25,14.5,8.3,20.0,0.0,,,10.0,,1025.1,
788,2018-09-26,15.2,9.4,21.1,0.0,,,9.9,,1023.0,
789,2018-09-27,16.5,10.0,22.2,0.0,,,10.3,,1017.3,
790,2018-09-28,18.7,14.4,25.0,0.0,,324.0,15.5,,1010.3,
791,2018-09-29,16.1,11.1,20.0,,,,6.9,,,
792,2018-09-30,16.0,13.9,18.9,,,,4.9,,1010.7,
793,2018-10-01,15.5,14.4,16.7,,,,7.3,,,
794,2018-10-02,14.0,10.0,17.2,,,,12.7,,,
795,2018-10-03,10.0,5.6,14.4,0.0,,,8.9,,1016.0,
796,2018-10-04,11.7,8.9,15.6,0.0,,,5.7,,,
797,2018-10-05,9.8,7.2,12.2,,,,5.4,,1016.7,
798,2018-10-06,11.8,10.0,14.4,0.0,,,5.6,,1020.2,
799,2018-10-07,11.2,8.9,13.9,,,,4.3,,1022.3,
800,2018-10-08,13.0,11.7,14.4,,,,1.7,,,
801,2018-10-09,13.0,10.6,15.6,,,,9.9,,,
802,2018-10-10,13.0,10.0,17.2,0.0,,,6.9,,1017.3,
803,2018-10-11,11.2,7.2,16.7,0.0,,,3.8,,,
804,2018-10-12,11.4,6.7,17.2,0.0,,,6.0,,1020.4,
805,2018-10-13,12.6,8.9,17.2,0.0,,,10.2,,1024.5,
806,2018-10-14,11.5,5.0,19.4,0.0,,,7.1,,1028.4,
807,2018-10-15,11.4,4.4,18.9,0.0,,,6.7,,1027.7,
808,2018-10-16,12.0,5.6,21.7,0.0,,,2.9,,1025.7,
809,2018-10-17,11.6,6.1,21.7,0.0,,,2.3,,1021.7,
810,2018-10-18,12.1,6.7,20.6,0.0,,,3.7,,1022.0,
811,2018-10-19,10.4,6.1,16.7,0.0,,,3.8,,,
812,2018-10-20,9.6,5.6,13.9,0.0,,,5.1,,1022.2,
813,2018-10-21,8.0,5.6,13.3,0.0,,,1.2,,,
814,2018-10-22,8.3,6.1,12.8,0.0,,,1.7,,1014.8,
815,2018-10-23,9.6,6.1,13.3,,,,8.6,,,
816,2018-10-24,11.9,7.8,15.6,,,,4.8,,1018.1,
817,2018-10-25,13.2,11.7,14.4,,,,3.4,,1017.7,
818,2018-10-26,14.9,11.7,17.2,,,,8.4,,,
819,2018-10-27,10.5,6.7,13.9,,,,4.1,,,
820,2018-10-28,12.0,10.0,14.4,,,,,,1013.3,
821,2018-10-29,10.1,6.7,13.3,0.0,,,6.6,,1021.7,
822,2018-10-30,11.0,7.2,15.0,,,,4.4,,1026.0,
823,2018-10-31,13.1,10.0,15.6,,,,7.6,,1019.1,
824,2018-11-01,16.0,14.4,17.2,,,,15.1,,1019.8,
825,2018-11-02,15.0,13.3,16.7,,,,14.2,,1019.6,
826,2018-11-03,13.1,12.8,13.9,,,150.0,11.5,,,
827,2018-11-04,13.6,12.2,16.1,,,,13.3,,1014.2,
828,2018-11-05,12.3,10.6,13.9,,,,12.5,,,
829,2018-11-06,11.0,8.9,13.9,,,,8.6,,,
830,2018-11-07,8.4,3.9,11.7,,,,3.5,,1029.9,
831,2018-11-08,4.6,1.1,10.0,0.0,,,3.8,,,
832,2018-11-09,3.9,1.1,6.7,,,,3.2,,1027.7,
833,2018-11-10,6.2,2.8,10.6,,,,4.9,,,
834,2018-11-11,5.3,0.6,10.6,0.0,,,9.8,,,
835,2018-11-12,8.0,1.1,16.1,0.0,,,6.1,,1029.7,
836,2018-11-13,8.1,3.9,13.3,,,,7.9,,1027.9,
837,2018-11-14,10.9,7.2,14.4,,,,8.5,,,
838,2018-11-15,12.2,10.0,13.9,,,,7.9,,,
839,2018-11-16,11.6,9.4,13.3,,,,11.6,,,
840,2018-11-17,9.0,6.7,13.3,0.0,,325.0,15.7,,1025.7,
841,2018-11-18,5.6,0.0,12.2,0.0,,,3.4,,1022.7,
842,2018-11-19,4.7,0.6,12.2,0.0,,,2.1,,1020.3,
843,2018-11-20,4.8,1.1,11.1,0.0,,,3.9,,,
844,2018-11-21,9.3,6.1,11.1,,,,3.4,,1008.7,
845,2018-11-22,9.3,7.8,11.1,,,,7.2,,,
846,2018-11-23,8.1,6.1,10.0,,,,7.8,,1006.9,
847,2018-11-24,6.8,3.3,10.0,0.0,,,2.7,,1020.6,
848,2018-11-25,5.6,1.1,9.4,0.0,,,3.0,,1021.4,
849,2018-11-26,9.7,7.8,11.7,,,,6.7,,1012.4,
850,2018-11-27,11.7,10.0,15.0,,,,9.2,,1005.8,
851,2018-11-28,9.8,8.9,11.1,,,,3.1,,1007.4,
852,2018-11-29,8.2,6.1,10.0,0.0,,,5.3,,1005.0,
853,2018-11-30,8.2,6.7,10.6,,,,7.2,,1007.7,
854,2018-12-01,6.1,-1.1,8.3,,,,0.9,,1012.0,
855,2018-12-02,,,,0.0,,,1.7,,,
856,2018-12-03,,,,0.0,,,7.0,,,
857,2018-12-04,2.8,-1.7,8.3,0.0,,,6.8,,1026.1,
858,2018-12-05,2.4,-2.2,7.8,0.0,,,7.8,,1022.1,
859,2018-12-06,3.1,-0.6,7.8,0.0,,,5.2,,1021.0,
860,2018-12-07,3.8,-0.6,8.3,0.0,,,4.6,,1021.1,
861,2018-12-08,6.4,2.8,8.9,,,,3.8,,1026.4,
862,2018-12-09,7.6,5.6,10.0,,,,10.6,,1021.4,
863,2018-12-10,7.2,5.6,10.0,,,,7.7,,,
864,2018-12-11,8.2,6.1,10.6,,,,9.4,,1011.3,
865,2018-12-12,7.5,5.0,10.0,,,,9.3,,1021.9,
866,2018-12-13,8.7,7.2,10.0,,,,6.0,,1017.2,
867,2018-12-14,9.2,5.6,13.9,,,,12.5,,1005.0,
868,2018-12-15,8.4,5.6,10.6,,,,9.8,,1015.2,
869,2018-12-16,10.6,7.8,13.3,,,,12.8,,1006.6,
870,2018-12-17,9.3,6.7,12.8,,,,10.7,,1011.8,
871,2018-12-18,10.0,8.3,12.2,,,152.0,14.0,,,
872,2018-12-19,8.8,7.8,10.0,,,,7.2,,1022.3,
873,2018-12-20,9.4,6.1,14.4,,,,16.4,,,
874,2018-12-21,3.9,1.7,6.7,,,,4.9,,,
875,2018-12-22,5.6,2.8,10.0,,,,5.6,,1018.9,
876,2018-12-23,6.8,5.6,8.3,,,,7.5,,,
877,2018-12-24,7.2,5.0,11.1,0.0,,,7.1,,,
878,2018-12-25,4.3,1.7,7.2,,,,2.2,,,
879,2018-12-26,4.8,3.9,6.1,,,,4.6,,,
880,2018-12-27,5.4,4.4,7.2,,,,1.6,,,
881,2018-12-28,5.8,3.9,9.4,,,,7.5,,1026.6,
882,2018-12-29,10.4,7.8,11.7,,,153.0,18.0,,,
883,2018-12-30,5.8,3.3,8.3,,,,3.2,,,
884,2018-12-31,,,,,,,,,,
885,2019-01-01,2.6,0.0,6.7,0.0,,,1.8,,1030.4,
886,2019-01-02,4.2,0.0,8.3,0.0,,,7.7,,1021.9,
887,2019-01-03,10.0,6.1,13.9,,,,10.6,,1010.7,
888,2019-01-04,9.5,6.7,11.1,,,,10.1,,1010.0,
889,2019-01-05,7.1,5.0,8.9,,,,1.6,,998.3,
890,2019-01-06,6.4,2.8,10.6,,,,13.4,,,
891,2019-01-07,4.6,1.7,7.2,,,,8.0,,1018.0,
892,2019-01-08,5.8,2.2,7.8,,,,13.2,,1014.8,
893,2019-01-09,8.7,6.7,11.1,,,,6.8,,1007.2,
894,2019-01-10,9.4,5.6,11.7,,,,5.5,,1017.9,
895,2019-01-11,8.6,6.1,12.8,0.0,,,,,1015.2,
896,2019-01-12,7.1,2.2,13.3,0.0,,,5.6,,1016.4,
897,2019-01-13,5.2,0.6,12.8,0.0,,,3.1,,1021.0,
898,2019-01-14,2.9,-1.1,10.6,0.0,,,3.1,,1017.3,
899,2019-01-15,2.7,-1.1,7.8,0.0,,,4.2,,,
900,2019-01-16,6.5,1.1,12.2,0.0,,,8.6,,1006.5,
901,2019-01-17,10.8,7.8,13.3,,,,12.3,,1001.5,
902,2019-01-18,9.4,7.8,11.7,,,,8.4,,1016.3,
903,2019-01-19,8.9,6.7,11.1,,,,9.9,,,
904,2019-01-20,5.7,2.2,8.9,0.0,,,6.7,,1015.3,
905,2019-01-21,4.8,1.7,8.3,0.0,,,4.1,,,
906,2019-01-22,6.8,4.4,10.0,,,,8.2,,,
907,2019-01-23,9.3,7.8,10.6,,,,10.2,,,
908,2019-01-24,7.9,5.6,8.9,,,,3.9,,,
909,2019-01-25,6.2,2.8,9.4,0.0,,,2.9,,,
910,2019-01-26,5.2,1.1,10.6,0.0,,,6.8,,,
911,2019-01-27,4.9,2.2,6.7,0.0,,,5.6,,,
912,2019-01-28,6.1,1.1,10.6,0.0,,,11.8,,1026.5,
913,2019-01-29,5.0,0.0,12.2,0.0,,,3.2,,1020.3,
914,2019-01-30,4.2,0.0,8.9,0.0,,,3.5,,1016.0,
915,2019-01-31,8.1,3.3,13.3,,,,4.6,,1010.3,
916,2019-02-01,9.1,7.2,11.1,,,,5.4,,1003.8,
917,2019-02-02,8.1,6.1,9.4,,,,8.1,,,
918,2019-02-03,3.8,0.6,6.1,,,,12.4,,,
919,2019-02-04,-2.1,-3.3,0.6,,,,15.7,,,
920,2019-02-05,-3.4,-6.7,1.1,0.0,,,5.4,,1013.9,
921,2019-02-06,-2.7,-6.7,3.3,0.0,,,2.7,,1025.5,
922,2019-02-07,-1.5,-6.7,3.3,0.0,,,4.3,,1027.9,
923,2019-02-08,0.5,-0.6,3.3,,,,4.4,,,
924,2019-02-09,0.0,-1.7,1.1,,,,12.3,,,
925,2019-02-10,-0.6,-6.7,8.9,,,,10.4,,,
926,2019-02-11,2.6,0.0,9.4,,,,7.7,,,
927,2019-02-12,1.5,0.6,2.8,,,,7.4,,,
928,2019-02-13,2.6,1.1,3.9,,,,7.5,,,
929,2019-02-14,3.5,0.0,6.1,,,,,,991.8,
930,2019-02-15,4.9,2.2,8.9,,,,4.8,,1002.3,
931,2019-02-16,3.6,1.7,6.1,,,,4.2,,1010.7,
932,2019-02-17,2.5,0.0,6.1,0.0,,,3.0,,1021.9,
933,2019-02-18,3.6,1.1,6.7,,,,4.5,,1029.0,
934,2019-02-19,4.7,3.3,6.1,,,,6.1,,,
935,2019-02-20,4.1,2.2,6.1,,,,5.2,,,
936,2019-02-21,3.4,-0.6,8.3,0.0,,,4.6,,1020.1,
937,2019-02-22,3.8,1.1,6.7,,,,10.2,,1016.3,
938,2019-02-23,5.0,2.8,7.8,,,,,,1019.2,
939,2019-02-24,4.3,2.8,6.1,,,,6.6,,1015.0,
940,2019-02-25,2.9,-0.6,6.7,0.0,,,10.8,,1010.9,
941,2019-02-26,2.2,-1.7,6.7,0.0,,,9.4,,1018.5,
942,2019-02-27,4.0,1.1,7.2,0.0,,,9.3,,1013.5,
943,2019-02-28,3.8,-1.1,8.9,0.0,,,3.7,,1019.8,
944,2019-03-01,4.6,-0.6,10.0,0.0,,,7.1,,1021.1,
945,2019-03-02,5.1,0.6,11.7,0.0,,,7.9,,1021.6,
946,2019-03-03,3.9,-0.6,8.3,0.0,,,6.6,,1025.3,
947,2019-03-04,2.6,-2.8,7.8,0.0,,,6.4,,1024.9,
948,2019-03-05,3.6,-2.2,9.4,0.0,,,9.1,,1016.8,
949,2019-03-06,2.9,1.7,5.6,,,,11.4,,,
950,2019-03-07,3.3,0.6,7.8,,,,7.6,,,
951,2019-03-08,2.8,0.0,6.1,,,,3.1,,1016.0,
952,2019-03-09,3.0,-2.2,8.9,0.0,,,7.6,,1018.2,
953,2019-03-10,,,,,,,,,,
954,2019-03-11,5.2,0.0,11.1,,,,5.9,,1019.4,
955,2019-03-12,5.4,2.8,8.3,,,,4.4,,1012.3,
956,2019-03-13,6.4,3.3,11.7,0.0,,,3.9,,,
957,2019-03-14,8.1,3.3,13.3,0.0,,,5.5,,1029.5,
958,2019-03-15,9.5,4.4,15.0,0.0,,,6.7,,1027.9,
959,2019-03-16,9.5,3.9,16.1,0.0,,,5.8,,1025.5,
960,2019-03-17,10.2,2.8,17.2,0.0,,,10.3,,1025.7,
961,2019-03-18,14.3,5.6,23.9,0.0,,,12.0,,1021.8,
962,2019-03-19,18.7,8.3,25.6,0.0,,,15.5,,1016.8,
963,2019-03-20,17.9,8.3,26.1,0.0,,,13.4,,1012.4,
964,2019-03-21,12.1,7.2,16.1,0.0,,,,,,
965,2019-03-22,12.6,9.4,18.3,,,,6.3,,1015.0,
966,2019-03-23,11.4,7.2,15.6,,,,6.4,,1021.7,
967,2019-03-24,10.4,7.8,13.3,0.0,,,3.3,,1022.8,
968,2019-03-25,9.5,4.4,17.2,,,,8.4,,1015.2,
969,2019-03-26,10.2,6.7,15.0,,,,7.7,,1018.2,
970,2019-03-27,10.3,5.0,17.2,0.0,,,16.9,,1013.2,
971,2019-03-28,12.2,7.2,17.8,0.0,,,5.8,,1019.7,
972,2019-03-29,11.3,6.1,16.7,0.0,,,,,1027.0,
973,2019-03-30,11.7,5.6,18.3,0.0,,,7.6,,1029.0,
974,2019-03-31,11.9,5.0,18.9,0.0,,,7.6,,1023.8,
975,2019-04-01,12.8,6.1,18.9,0.0,,,8.1,,1016.4,
976,2019-04-02,14.0,9.4,19.4,0.0,,,10.2,,1009.5,
977,2019-04-03,12.6,10.0,15.6,,,,11.2,,1011.7,
978,2019-04-04,11.9,6.7,17.8,,,,6.3,,1013.9,
979,2019-04-05,11.6,9.4,13.9,,,,8.6,,1007.4,
980,2019-04-06,10.6,7.8,14.4,,,,9.5,,1009.1,
981,2019-04-07,9.8,7.2,13.3,,,,,,,
982,2019-04-08,11.3,7.8,15.6,,,,3.1,,1015.4,
983,2019-04-09,11.0,8.3,14.4,,,,10.1,,,
984,2019-04-10,9.9,8.9,12.8,,,162.0,12.8,,1026.3,
985,2019-04-11,10.0,7.8,11.7,,,,7.9,,,
986,2019-04-12,11.1,8.9,14.4,,,,7.6,,,
987,2019-04-13,9.5,7.8,11.7,,,162.0,15.0,,,
988,2019-04-14,8.3,6.7,11.1,,,164.0,14.6,,,
989,2019-04-15,9.7,6.1,13.9,,,,9.9,,1010.0,
990,2019-04-16,10.6,7.8,13.9,,,,5.9,,,
991,2019-04-17,13.3,9.4,17.8,0.0,,,11.1,,1025.3,
992,2019-04-18,14.7,11.7,17.8,,,,6.8,,1022.9,
993,2019-04-19,12.7,10.6,14.4,,,,7.0,,,
994,2019-04-20,11.5,8.3,15.6,,,,,,1017.9,
995,2019-04-21,12.1,7.2,16.7,0.0,,,7.1,,1025.6,
996,2019-04-22,10.8,7.2,16.1,,,,8.0,,,
997,2019-04-23,13.2,10.6,16.7,0.0,,,12.2,,1022.7,
998,2019-04-24,11.8,9.4,16.1,0.0,,,9.2,,1027.0,
999,2019-04-25,11.1,4.4,16.1,0.0,,,11.3,,1021.8,
1000,2019-04-26,12.7,8.3,17.8,0.0,,,7.9,,1021.6,
1001,2019-04-27,9.9,7.2,12.2,,,,10.8,,1021.8,
1002,2019-04-28,9.6,2.8,16.1,0.0,,,10.9,,1024.9,
1003,2019-04-29,11.8,5.6,17.8,0.0,,,8.8,,1020.5,
1004,2019-04-30,12.2,3.9,19.4,0.0,,,6.2,,1019.7,
1005,2019-05-01,12.3,6.1,17.8,0.0,,,11.5,,1017.9,
1006,2019-05-02,12.1,9.4,15.0,0.0,,,10.3,,1021.2,
1007,2019-05-03,12.4,8.9,16.7,0.0,,,7.6,,,
1008,2019-05-04,13.8,7.2,19.4,0.0,,,7.6,,1016.0,
1009,2019-05-05,14.6,7.8,20.0,0.0,,,7.5,,1013.0,
1010,2019-05-06,16.3,8.9,23.3,0.0,,,8.1,,1015.1,
1011,2019-05-07,16.9,10.0,22.2,0.0,,,7.5,,1018.7,
1012,2019-05-08,16.7,10.6,23.3,0.0,,,9.3,,1021.2,
1013,2019-05-09,19.9,12.8,26.7,0.0,,,13.1,,1016.6,
1014,2019-05-10,20.3,11.1,29.4,,,,6.4,,1012.4,
1015,2019-05-11,20.1,12.8,28.9,0.0,,,6.8,,1011.8,
1016,2019-05-12,15.2,12.2,19.4,0.0,,,9.2,,1014.7,
1017,2019-05-13,13.9,9.4,19.4,0.0,,,7.0,,1015.0,
1018,2019-05-14,13.6,11.7,16.1,,,,9.3,,1014.8,
1019,2019-05-15,15.4,11.7,20.6,,,,12.1,,1009.0,
1020,2019-05-16,14.6,11.7,17.2,,,,6.5,,,
1021,2019-05-17,14.4,11.7,17.8,,,,14.0,,1011.2,
1022,2019-05-18,16.5,11.1,21.7,0.0,,,6.9,,1009.0,
1023,2019-05-19,17.1,13.3,21.7,0.0,,,7.2,,1006.8,
1024,2019-05-20,13.5,11.1,16.1,,,,8.5,,1008.7,
1025,2019-05-21,13.4,10.6,16.1,,,,6.1,,1008.2,
1026,2019-05-22,17.2,10.6,23.9,0.0,,,6.8,,1015.1,
1027,2019-05-23,18.8,12.8,25.6,0.0,,,7.4,,,
1028,2019-05-24,14.4,12.2,17.2,,,,,,1013.4,
1029,2019-05-25,12.8,12.2,13.9,,,,9.4,,1013.7,
1030,2019-05-26,15.8,12.2,22.2,,,,8.6,,1012.1,
1031,2019-05-27,18.8,13.3,26.1,0.0,,,,,1014.9,
1032,2019-05-28,16.2,14.4,19.4,0.0,,,10.1,,1019.2,
1033,2019-05-29,16.3,12.8,21.1,0.0,,,6.6,,1017.1,
1034,2019-05-30,17.6,12.2,24.4,0.0,,,5.2,,,
1035,2019-05-31,18.1,13.3,25.0,0.0,,,5.2,,,
1036,2019-06-01,17.8,13.3,24.4,0.0,,,7.2,,,
1037,2019-06-02,18.4,12.2,23.9,0.0,,,9.4,,1013.6,
1038,2019-06-03,16.2,12.8,21.1,0.0,,,9.0,,1019.2,
1039,2019-06-04,16.9,11.7,23.3,0.0,,,7.0,,1020.7,
1040,2019-06-05,15.9,12.2,19.4,0.0,,,10.1,,1016.8,
1041,2019-06-06,14.0,10.0,19.4,0.0,,,10.4,,1016.0,
1042,2019-06-07,13.0,11.1,16.1,,,,13.6,,1019.3,
1043,2019-06-08,15.4,11.7,20.6,0.0,,,10.4,,1028.1,
1044,2019-06-09,16.9,11.1,23.3,0.0,,,13.0,,1028.5,
1045,2019-06-10,18.9,13.3,25.0,0.0,,337.0,14.3,,1026.3,
1046,2019-06-11,22.1,15.6,28.3,0.0,,338.0,16.5,,1022.7,
1047,2019-06-12,25.4,17.8,33.3,0.0,,,7.1,,1013.4,
1048,2019-06-13,21.4,16.7,26.7,0.0,,,,,1012.9,
1049,2019-06-14,16.8,13.9,21.1,0.0,,,8.0,,1018.5,
1050,2019-06-15,17.5,11.7,23.9,0.0,,,7.0,,1018.5,
1051,2019-06-16,18.6,12.8,25.0,0.0,,,7.0,,1017.7,
1052,2019-06-17,19.0,15.0,24.4,0.0,,,,,1020.1,
1053,2019-06-18,16.7,15.0,18.3,,,,6.5,,,
1054,2019-06-19,15.1,11.7,20.6,5.3,,,9.4,,1022.1,
1055,2019-06-20,,,,,,,,,,
1056,2019-06-21,16.8,13.3,21.7,,,,,,1021.5,
1057,2019-06-22,15.6,13.9,18.3,0.0,,,9.2,,,
1058,2019-06-23,15.1,12.8,17.8,0.0,,,7.3,,,
1059,2019-06-24,16.0,11.7,21.1,0.0,,,5.6,,,
1060,2019-06-25,17.5,10.0,23.9,0.0,,,,,1012.2,
1061,2019-06-26,,,,,,,,,,
1062,2019-06-27,16.8,13.9,21.1,,,,9.8,,1016.8,
1063,2019-06-28,17.5,12.8,22.2,,,,7.6,,,
1064,2019-06-29,18.6,12.8,25.0,0.0,,,8.8,,1020.6,
1065,2019-06-30,20.2,12.2,26.1,0.0,,,10.3,,1019.9,
1066,2019-07-01,21.0,14.4,27.8,0.0,,,9.0,,1017.7,
1067,2019-07-02,16.0,15.0,17.2,,,,9.3,,1019.2,
1068,2019-07-03,17.0,13.9,21.1,0.0,,,6.3,,,
1069,2019-07-04,18.4,14.4,24.4,0.0,,,5.5,,1017.7,
1070,2019-07-05,18.0,16.1,20.6,0.0,,,7.2,,1019.1,
1071,2019-07-06,18.7,16.1,22.8,0.0,,,7.7,,1019.6,
1072,2019-07-07,17.6,15.6,20.0,,,,7.9,,1017.4,
1073,2019-07-08,18.7,15.6,23.3,,,,4.5,,,
1074,2019-07-09,19.1,13.9,25.0,,,,2.9,,,
1075,2019-07-10,,,,,,,,,,
1076,2019-07-11,20.0,16.7,24.4,0.0,,,5.4,,1020.4,
1077,2019-07-12,20.8,16.1,26.1,0.0,,,7.2,,1017.6,
1078,2019-07-13,21.2,17.2,26.1,0.0,,,,,1016.5,
1079,2019-07-14,21.3,15.6,26.1,0.0,,,7.7,,1018.4,
1080,2019-07-15,19.7,17.8,21.7,,,,6.8,,1018.3,
1081,2019-07-16,21.6,17.8,26.7,0.0,,,6.4,,,
1082,2019-07-17,18.9,17.8,20.6,,,184.0,13.7,,,
1083,2019-07-18,17.2,14.4,21.1,,,,7.2,,1016.9,
1084,2019-07-19,17.3,13.3,22.2,,,,8.8,,,
1085,2019-07-20,19.4,11.7,26.1,0.0,,,10.0,,,
1086,2019-07-21,22.5,13.3,31.7,0.0,,,10.0,,1014.8,
1087,2019-07-22,21.7,15.0,28.3,0.0,,,9.1,,1016.7,
1088,2019-07-23,19.0,15.0,22.2,0.0,,,7.2,,,
1089,2019-07-24,19.9,16.1,24.4,,,,11.2,,,
1090,2019-07-25,21.2,12.8,28.3,,,,9.2,,1020.3,
1091,2019-07-26,22.8,15.0,31.1,,,,,,1017.7,
1092,2019-07-27,21.0,19.4,23.9,,,,11.9,,,
1093,2019-07-28,20.7,16.1,26.1,0.0,,,12.3,,1021.9,
1094,2019-07-29,21.2,13.9,27.8,0.0,,,7.0,,1016.5,
1095,2019-07-30,19.4,15.0,24.4,0.0,,,8.6,,,
1096,2019-07-31,21.5,13.9,28.3,0.0,,,6.1,,1016.3,
1097,2019-08-01,22.7,16.1,29.4,0.0,,,7.8,,1015.1,
1098,2019-08-02,22.1,17.8,26.7,7.2,,,10.5,,1018.3,
1099,2019-08-03,21.5,16.7,26.7,0.0,,,14.0,,1019.8,
1100,2019-08-04,22.8,15.0,29.4,0.0,,,10.4,,1016.5,
1101,2019-08-05,23.9,17.2,30.6,0.0,,,8.9,,1016.1,
1102,2019-08-06,21.4,15.6,27.8,0.0,,,7.8,,1015.2,
1103,2019-08-07,19.8,15.6,25.6,0.0,,,9.4,,1014.6,
1104,2019-08-08,18.6,16.1,20.6,0.0,,,8.2,,,
1105,2019-08-09,19.9,16.7,23.9,0.0,,,8.4,,1014.7,
1106,2019-08-10,19.6,16.7,22.2,,,,7.4,,,
1107,2019-08-11,19.1,16.7,22.8,,,,8.6,,,
1108,2019-08-12,20.9,16.1,26.1,0.0,,,5.7,,1020.3,
1109,2019-08-13,21.6,14.4,28.9,,,,6.2,,1019.2,
1110,2019-08-14,22.6,16.7,28.3,0.0,,,8.4,,1021.1,
1111,2019-08-15,21.5,16.7,26.7,0.0,,,7.4,,1022.1,
1112,2019-08-16,18.7,16.7,21.1,0.0,,,9.6,,1019.7,
1113,2019-08-17,19.6,16.7,23.3,0.0,,,4.8,,1015.6,
1114,2019-08-18,20.0,16.7,25.0,0.0,,,,,1012.2,
1115,2019-08-19,20.1,17.2,24.4,0.0,,,9.0,,,
1116,2019-08-20,20.8,12.8,27.8,0.0,,,8.5,,1014.1,
1117,2019-08-21,18.0,15.6,21.1,,,,5.7,,,
1118,2019-08-22,17.1,13.9,21.7,0.5,,,4.3,,,
1119,2019-08-23,17.5,12.8,22.2,0.0,,,8.4,,1015.1,
1120,2019-08-24,19.8,16.7,24.4,0.0,,,8.5,,1015.3,
1121,2019-08-25,19.4,16.7,23.9,0.0,,,4.7,,1021.1,
1122,2019-08-26,19.6,14.4,25.0,0.0,,,14.7,,1022.4,
1123,2019-08-27,22.1,16.1,28.9,0.0,,345.0,18.3,,1016.1,
1124,2019-08-28,23.0,15.0,30.6,0.0,,,7.3,,1011.5,
1125,2019-08-29,20.1,16.1,26.7,,,,9.4,,1014.9,
1126,2019-08-30,21.1,18.3,25.0,,,,6.7,,1017.6,
1127,2019-08-31,20.9,16.7,25.6,,,,4.2,,1015.3,
1128,2019-09-01,21.7,18.3,26.7,,,,,,1015.9,
1129,2019-09-02,20.4,15.0,25.6,0.0,,,8.0,,1017.7,
1130,2019-09-03,21.1,15.0,27.2,0.0,,,5.0,,1016.7,
1131,2019-09-04,20.0,17.2,23.9,0.0,,,8.6,,1018.1,
1132,2019-09-05,20.5,13.9,26.1,0.0,,,10.0,,1015.7,
1133,2019-09-06,20.9,17.2,26.7,0.0,,,7.8,,1018.1,
1134,2019-09-07,18.6,16.7,20.0,10.4,,,6.4,,1016.6,
1135,2019-09-08,18.0,15.6,22.8,,,,7.8,,,
1136,2019-09-09,,,,,,,,,,
1137,2019-09-10,17.4,14.4,22.2,0.0,,,4.4,,1014.2,
1138,2019-09-11,18.0,13.9,22.8,0.0,,,6.6,,1020.7,
1139,2019-09-12,19.8,13.9,26.7,,,,8.3,,1019.7,
1140,2019-09-13,18.9,16.1,21.7,,,,12.2,,,
1141,2019-09-14,18.1,16.1,20.0,,,,8.7,,,
1142,2019-09-15,15.8,13.9,17.2,,,,7.9,,,
1143,2019-09-16,15.0,11.7,20.0,,,,7.5,,1010.1,
1144,2019-09-17,14.4,12.8,16.7,,,,5.1,,1008.2,
1145,2019-09-18,15.8,13.3,20.0,,,,6.0,,1011.7,
1146,2019-09-19,15.8,12.2,20.6,,,,3.8,,1018.1,
1147,2019-09-20,16.7,15.0,19.4,0.0,,,3.8,,,
1148,2019-09-21,17.0,13.9,20.0,0.0,,,5.0,,1019.6,
1149,2019-09-22,16.8,15.6,18.3,,,,6.2,,,
1150,2019-09-23,15.5,13.9,16.7,,,172.0,12.9,,1021.3,
1151,2019-09-24,17.7,15.0,21.1,0.0,,,8.4,,1023.8,
1152,2019-09-25,16.6,12.8,20.0,0.0,,,4.7,,1024.2,
1153,2019-09-26,17.4,15.6,20.0,,,,10.5,,,
1154,2019-09-27,13.5,8.9,17.8,,,,12.1,,,
1155,2019-09-28,10.9,8.3,15.6,,,,6.3,,1010.9,
1156,2019-09-29,10.7,7.8,13.9,,,,4.2,,1013.6,
1157,2019-09-30,9.7,4.4,15.6,0.0,,,5.9,,1019.5,
1158,2019-10-01,9.7,3.3,16.7,0.0,,,5.3,,1022.0,
1159,2019-10-02,,,,0.0,,,,,1017.7,
1160,2019-10-03,13.1,10.6,17.2,,,,,,1015.8,
1161,2019-10-04,12.8,10.0,16.7,,,,9.3,,1020.8,
1162,2019-10-05,13.4,10.6,17.2,0.0,,,4.1,,1028.2,
1163,2019-10-06,11.7,7.2,17.2,0.0,,,6.7,,,
1164,2019-10-07,14.3,9.4,18.3,,,,15.0,,,
1165,2019-10-08,9.1,6.7,11.7,,,,6.0,,,
1166,2019-10-09,7.0,2.8,11.1,0.0,,,6.0,,1028.1,
1167,2019-10-10,7.3,1.1,14.4,0.0,,,8.1,,1030.3,
1168,2019-10-11,9.9,2.8,18.3,0.0,,,4.6,,1021.6,
1169,2019-10-12,10.3,6.1,15.0,,,,4.2,,1016.0,
1170,2019-10-13,11.8,9.4,14.4,,,,2.5,,1015.2,
1171,2019-10-14,11.0,7.2,15.6,0.0,,,3.2,,,
1172,2019-10-15,11.7,7.2,16.7,0.0,,,6.0,,1015.5,
1173,2019-10-16,12.3,10.0,15.0,,,,7.4,,,
1174,2019-10-17,12.0,10.6,13.9,,,,11.2,,,
1175,2019-10-18,10.3,9.4,11.7,,,,11.4,,,
1176,2019-10-19,9.4,7.8,11.7,,,,4.8,,,
1177,2019-10-20,9.6,7.2,12.2,,,,5.9,,1016.6,
1178,2019-10-21,12.8,11.1,15.0,,,,10.9,,,
1179,2019-10-22,,,,,,,,,,
1180,2019-10-23,9.5,5.0,13.9,,,,7.8,,,
1181,2019-10-24,10.9,6.7,15.6,,,,3.5,,,
1182,2019-10-25,,,,,,,,,,
1183,2019-10-26,9.3,6.7,11.7,,,,,,,
1184,2019-10-27,6.0,0.6,12.8,,,,5.0,,1031.6,
1185,2019-10-28,5.6,1.1,11.7,,,,7.1,,1024.9,
1186,2019-10-29,5.8,3.3,10.0,,,,,,1032.0,
1187,2019-10-30,4.8,-1.1,11.7,,,,7.3,,1029.2,
1188,2019-10-31,4.8,0.6,11.1,,,,3.4,,1028.9,
1189,2019-11-01,7.0,0.6,13.3,0.0,,,12.3,,1031.0,
1190,2019-11-02,7.9,1.7,13.9,0.0,,,6.4,,1026.5,
1191,2019-11-03,7.4,2.2,13.3,0.0,,,4.2,,1023.7,
1192,2019-11-04,8.1,3.3,13.3,0.0,,,6.6,,,
1193,2019-11-05,7.4,3.9,13.3,,,,5.9,,,
1194,2019-11-06,8.3,4.4,12.2,,,,7.3,,,
1195,2019-11-07,6.2,2.2,13.3,0.0,,,1.4,,,
1196,2019-11-08,8.0,2.2,16.1,0.0,,,6.3,,1022.0,
1197,2019-11-09,10.2,8.9,12.2,,,,3.2,,1023.6,
1198,2019-11-10,11.2,10.0,12.2,0.0,,,6.7,,,
1199,2019-11-11,10.4,7.8,14.4,0.0,,,6.2,,1024.5,
1200,2019-11-12,10.3,8.9,11.1,,,,4.4,,1020.5,
1201,2019-11-13,10.8,9.4,12.8,0.0,,,9.9,,1020.1,
1202,2019-11-14,10.1,7.2,12.8,0.0,,,3.7,,,
1203,2019-11-15,11.4,8.3,14.4,,,,9.5,,1019.3,
1204,2019-11-16,10.8,8.9,11.7,,,,5.2,,1025.6,
1205,2019-11-17,12.3,9.4,15.0,,,,8.2,,,
1206,2019-11-18,10.0,8.9,10.6,,,,3.5,,1012.6,
1207,2019-11-19,9.5,6.1,11.7,,,,7.8,,1011.3,
1208,2019-11-20,6.7,3.9,9.4,0.0,,,9.3,,,
1209,2019-11-21,3.1,0.6,7.2,0.0,,,5.3,,,
1210,2019-11-22,2.8,0.0,6.7,,,,3.0,,1025.4,
1211,2019-11-23,6.3,0.6,12.2,,,,8.7,,1025.7,
1212,2019-11-24,9.4,7.2,11.7,,,,7.0,,,
1213,2019-11-25,6.0,3.3,7.8,,,,3.4,,,
1214,2019-11-26,4.8,2.8,8.3,,,,6.4,,1008.9,
1215,2019-11-27,4.1,0.0,8.9,,,,5.1,,1002.5,
1216,2019-11-28,,,,0.0,,,5.7,,1012.1,
1217,2019-11-29,,,,0.0,,,3.3,,1012.8,
1218,2019-11-30,0.1,-5.0,6.7,,,,,,1017.3,
1219,2019-12-01,5.7,5.0,6.7,,,,5.0,,1014.3,
1220,2019-12-02,5.8,2.8,9.4,0.0,,,2.2,,1020.5,
1221,2019-12-03,8.6,6.1,11.1,0.0,,162.0,9.0,,1019.4,
1222,2019-12-04,8.8,7.8,10.0,,,,7.5,,,
1223,2019-12-05,7.8,7.2,10.0,0.0,,,6.0,,,
1224,2019-12-06,8.7,6.1,11.1,0.0,,,4.6,,1012.4,
1225,2019-12-07,8.6,7.2,9.4,,,,3.1,,,
1226,2019-12-08,9.0,7.2,10.6,,,,3.5,,,
1227,2019-12-09,5.9,5.0,6.7,0.0,,,2.5,,,
1228,2019-12-10,5.1,3.9,6.7,,,,7.2,,,
1229,2019-12-11,7.5,6.7,8.9,,,,4.4,,,
1230,2019-12-12,8.6,7.2,9.4,,,,13.1,,1013.5,
1231,2019-12-13,7.5,6.1,9.4,0.2,,,7.1,,1018.6,
1232,2019-12-14,5.8,3.9,6.7,,,,3.6,,,
1233,2019-12-15,4.0,2.8,6.7,,,,3.4,,,
1234,2019-12-16,4.6,2.2,7.8,,,,5.1,,1027.2,
1235,2019-12-17,3.9,1.1,7.2,0.0,,,6.2,,1020.0,
1236,2019-12-18,5.3,3.3,7.8,,,,8.4,,1011.0,
1237,2019-12-19,7.2,4.4,11.7,,,,8.0,,1006.7,
1238,2019-12-20,10.8,8.9,12.2,54.5,,,9.7,,,
1239,2019-12-21,7.2,6.1,10.6,,,,6.1,,1009.6,
1240,2019-12-22,5.4,3.9,6.7,,,,6.3,,1009.3,
1241,2019-12-23,5.1,2.8,6.7,,,,4.4,,,
1242,2019-12-24,2.4,-0.6,3.9,0.0,,,5.0,,1011.7,
1243,2019-12-25,2.0,-1.1,5.6,0.0,,,1.8,,,
1244,2019-12-26,0.3,-2.2,2.2,,,,6.1,,,
1245,2019-12-27,4.3,2.2,6.7,,,,3.4,,1021.8,
1246,2019-12-28,6.2,4.4,8.3,,,,2.6,,1022.8,
1247,2019-12-29,6.5,3.9,10.0,,,,3.6,,1018.9,
1248,2019-12-30,7.3,5.0,9.4,,,,8.6,,1026.5,
1249,2019-12-31,,,,,,,,,,
1250,2020-01-01,10.2,7.2,11.7,0.0,,,14.4,,1010.0,
1251,2020-01-02,6.3,5.0,10.0,,,,6.7,,1018.6,
1252,2020-01-03,10.3,7.8,16.1,,,,7.5,,1012.2,
1253,2020-01-04,6.3,5.0,7.8,,,170.0,14.7,,1022.8,
1254,2020-01-05,6.2,5.0,8.9,,,,12.6,,1025.3,
1255,2020-01-06,8.1,5.0,10.0,,,169.0,15.7,,,
1256,2020-01-07,10.3,8.9,12.8,,,169.0,15.4,,,
1257,2020-01-08,4.9,1.1,7.8,,,196.0,10.9,,,
1258,2020-01-09,1.6,0.0,3.9,,,,5.0,,,
1259,2020-01-10,4.3,1.1,7.2,,,,9.6,,1010.7,
1260,2020-01-11,6.4,3.9,7.2,,,,14.0,,1009.3,
1261,2020-01-12,4.6,1.7,7.2,,,183.0,16.4,,1003.8,
1262,2020-01-13,0.6,-1.1,2.2,,,,10.0,,,
1263,2020-01-14,-0.6,-1.7,1.7,,,,9.9,,,
1264,2020-01-15,2.6,0.0,4.4,,,,14.5,,,
1265,2020-01-16,3.8,1.7,6.7,,,146.0,7.8,,1005.8,
1266,2020-01-17,2.6,-1.1,5.6,,,,4.2,,1020.0,
1267,2020-01-18,6.2,3.9,9.4,,,,9.1,,,
1268,2020-01-19,8.7,6.1,11.7,,,342.0,6.0,,1021.5,
1269,2020-01-20,9.2,6.7,12.2,0.0,,33.0,5.7,,1012.2,
1270,2020-01-21,8.8,7.2,11.7,,,,13.9,,1007.6,
1271,2020-01-22,7.4,6.7,8.9,,,,8.2,,1016.1,
1272,2020-01-23,9.9,8.3,11.1,,,140.0,8.4,,1013.7,
1273,2020-01-24,9.0,7.8,11.1,,,158.0,9.3,,1014.0,
1274,2020-01-25,7.7,5.6,11.1,,,301.0,5.1,,,
1275,2020-01-26,9.4,6.7,11.7,,,,10.4,,1014.2,
1276,2020-01-27,8.0,5.6,10.6,,,,8.5,,1018.5,
1277,2020-01-28,8.3,7.2,10.6,,,,5.1,,,
1278,2020-01-29,8.1,6.7,10.0,,,,5.6,,1021.9,
1279,2020-01-30,7.3,5.6,8.3,,,170.0,6.3,,,
1280,2020-01-31,12.5,8.3,15.0,,,168.0,15.5,,,
1281,2020-02-01,8.7,3.3,13.3,,,,14.8,,,
1282,2020-02-02,3.1,0.6,6.7,0.0,,147.0,5.0,,1024.2,
1283,2020-02-03,2.8,1.1,5.6,,,13.0,2.5,,1027.9,
1284,2020-02-04,1.6,-0.6,4.4,,,151.0,7.5,,,
1285,2020-02-05,8.0,5.0,10.0,,,167.0,10.3,,,
1286,2020-02-06,8.7,7.2,10.6,,,293.0,6.5,,,
1287,2020-02-07,8.3,6.7,11.1,,,201.0,12.8,,,
1288,2020-02-08,7.0,5.6,8.3,,,319.0,9.0,,1019.1,
1289,2020-02-09,4.4,0.6,8.3,,,,3.9,,1033.0,
1290,2020-02-10,4.5,1.7,8.9,0.0,,347.0,3.6,,1032.2,
1291,2020-02-11,4.9,1.1,7.2,0.0,,,6.9,,,
1292,2020-02-12,7.2,5.6,8.9,,,360.0,1.4,,1025.6,
1293,2020-02-13,5.9,2.8,8.3,,,,10.5,,,
1294,2020-02-14,6.9,5.6,9.4,,,,13.8,,1020.4,
1295,2020-02-15,6.7,5.0,8.3,,,166.0,11.1,,,
1296,2020-02-16,6.0,4.4,8.9,,,,9.9,,,
1297,2020-02-17,4.9,1.7,8.9,,,,4.9,,1029.4,
1298,2020-02-18,3.5,-1.1,8.3,0.0,,345.0,9.6,,,
1299,2020-02-19,5.6,-1.7,13.3,0.0,,40.0,7.6,,1026.2,
1300,2020-02-20,6.5,0.0,12.8,0.0,,,7.0,,1024.4,
1301,2020-02-21,5.8,0.0,12.8,0.0,,157.0,5.3,,1022.8,
1302,2020-02-22,6.3,3.9,8.3,0.0,,37.0,4.6,,1021.3,
1303,2020-02-23,6.8,3.9,9.4,,,,18.6,,1017.6,
1304,2020-02-24,6.2,3.9,8.9,0.0,,,9.3,,1035.3,
1305,2020-02-25,6.2,1.1,10.6,,,,2.8,,1034.4,
1306,2020-02-26,8.0,6.1,11.7,0.0,,4.0,3.3,,,
1307,2020-02-27,7.9,3.3,13.9,0.0,,169.0,5.2,,1030.4,
1308,2020-02-28,5.6,2.2,10.0,,,180.0,10.9,,,
1309,2020-02-29,5.9,1.7,8.9,,,181.0,13.0,,1018.3,
1310,2020-03-01,4.7,0.0,8.3,,,,5.3,,1028.7,
1311,2020-03-02,7.4,5.6,9.4,,,165.0,13.2,,1025.0,
1312,2020-03-03,9.2,7.8,11.1,,,186.0,14.9,,,
1313,2020-03-04,7.9,5.6,11.7,0.0,,,7.7,,1023.5,
1314,2020-03-05,7.8,2.8,13.3,,,,9.3,,1016.7,
1315,2020-03-06,5.3,3.9,6.1,,,356.0,2.5,,1015.6,
1316,2020-03-07,5.2,3.9,6.7,,,199.0,6.1,,1012.4,
1317,2020-03-08,,,,,,,,,,
1318,2020-03-09,3.6,-1.7,10.0,0.0,,345.0,4.2,,1024.7,
1319,2020-03-10,6.0,0.6,10.6,0.0,,176.0,10.9,,,
1320,2020-03-11,7.8,4.4,10.0,,,,7.4,,1023.4,
1321,2020-03-12,5.6,2.8,9.4,0.0,,339.0,6.9,,1026.8,
1322,2020-03-13,3.5,2.2,6.1,,,356.0,12.2,,,
1323,2020-03-14,3.6,1.1,6.1,0.0,,0.0,13.9,,1012.3,
1324,2020-03-15,3.5,0.0,7.8,0.0,,354.0,17.4,,1021.0,
1325,2020-03-16,6.8,2.2,11.7,0.0,,341.0,16.5,,1021.8,
1326,2020-03-17,5.4,-0.6,11.7,0.0,,342.0,6.3,,1012.4,
1327,2020-03-18,6.4,0.6,13.3,0.0,,,4.1,,1012.7,
1328,2020-03-19,7.7,1.1,15.0,0.0,,359.0,4.4,,1017.0,
1329,2020-03-20,8.9,2.2,16.1,0.0,,350.0,6.4,,1024.9,
1330,2020-03-21,8.0,4.4,12.8,0.0,,349.0,5.8,,1024.8,
1331,2020-03-22,7.6,1.7,14.4,0.0,,180.0,9.9,,1018.5,
1332,2020-03-23,7.2,5.6,8.9,,,,13.9,,,
1333,2020-03-24,6.4,5.0,9.4,,,,7.3,,,
1334,2020-03-25,5.7,2.8,10.0,,,8.0,4.5,,1017.2,
1335,2020-03-26,6.3,2.8,8.9,,,,9.7,,1018.4,
1336,2020-03-27,8.1,6.1,10.0,,,169.0,10.1,,1017.2,
1337,2020-03-28,9.7,7.2,12.8,,,,10.8,,1015.3,
1338,2020-03-29,9.3,7.2,12.2,,,,10.9,,,
1339,2020-03-30,7.3,5.0,10.0,,,178.0,13.0,,,
1340,2020-03-31,6.2,4.4,10.0,,,200.0,11.2,,1016.2,
1341,2020-04-01,6.3,4.4,10.0,,,329.0,10.1,,,
1342,2020-04-02,,,,0.0,,,,,1022.3,
1343,2020-04-03,6.2,3.9,9.4,0.0,,181.0,12.7,,1019.2,
1344,2020-04-04,6.5,1.1,11.7,0.0,,340.0,9.3,,1009.3,
1345,2020-04-05,8.8,6.7,11.7,0.0,,,,,1004.1,
1346,2020-04-06,9.6,3.3,15.6,0.0,,345.0,4.5,,1013.2,
1347,2020-04-07,8.6,3.3,13.9,0.0,,344.0,6.6,,1023.6,
1348,2020-04-08,9.4,2.2,16.1,0.0,,345.0,10.1,,1025.4,
1349,2020-04-09,11.8,4.4,19.4,0.0,,341.0,8.9,,1021.0,
1350,2020-04-10,12.2,5.6,18.9,0.0,,208.0,8.0,,1018.5,
1351,2020-04-11,10.4,7.2,14.4,0.0,,,9.8,,1021.2,
1352,2020-04-12,8.5,1.1,15.0,0.0,,355.0,10.3,,1025.6,
1353,2020-04-13,9.5,1.1,17.2,0.0,,345.0,6.3,,1029.3,
1354,2020-04-14,11.7,5.0,17.8,0.0,,,9.0,,1027.0,
1355,2020-04-15,12.9,10.0,17.8,0.0,,323.0,11.8,,,
1356,2020-04-16,12.6,5.0,20.0,0.0,,351.0,7.3,,1023.8,
1357,2020-04-17,12.7,5.0,20.0,0.0,,345.0,7.4,,1015.1,
1358,2020-04-18,11.7,10.0,13.9,,,224.0,6.9,,1014.6,
1359,2020-04-19,12.8,10.0,17.8,0.0,,,8.3,,1019.3,
1360,2020-04-20,12.8,6.1,18.9,0.0,,340.0,6.1,,1019.7,
1361,2020-04-21,11.5,8.9,14.4,0.0,,,10.0,,1025.1,
1362,2020-04-22,10.9,9.4,12.8,,,,5.3,,,
1363,2020-04-23,10.9,8.3,14.4,,,,7.6,,,
1364,2020-04-24,12.2,8.3,15.6,,,343.0,3.9,,1023.1,
1365,2020-04-25,12.8,10.0,16.7,,,,11.4,,,
1366,2020-04-26,12.5,7.2,16.7,0.3,,,7.2,,1018.3,
1367,2020-04-27,12.9,10.0,17.2,,,,13.0,,1017.5,
1368,2020-04-28,11.7,6.7,16.7,,,,7.8,,1024.2,
1369,2020-04-29,14.3,10.0,21.1,,,273.0,13.5,,1015.0,
1370,2020-04-30,12.2,10.0,15.0,0.0,,,13.2,,1019.2,
1371,2020-05-01,12.6,5.6,18.3,,,,,,1018.3,
1372,2020-05-02,,,,,,,,,,
1373,2020-05-03,9.8,6.1,14.4,,,182.0,14.6,,1023.9,
1374,2020-05-04,11.3,3.9,18.3,0.0,,329.0,6.7,,1023.0,
1375,2020-05-05,15.4,10.6,21.1,,,330.0,8.8,,,
1376,2020-05-06,12.3,9.4,14.4,,,218.0,13.9,,,
1377,2020-05-07,12.6,5.0,18.3,0.0,,,14.2,,1029.1,
1378,2020-05-08,18.8,10.0,27.2,0.0,,16.0,15.1,,1020.6,
1379,2020-05-09,20.8,11.7,30.0,0.0,,,6.5,,1015.3,
1380,2020-05-10,22.0,12.8,30.6,0.0,,,8.8,,1009.9,
1381,2020-05-11,17.8,13.3,24.4,,,,9.8,,1007.2,
1382,2020-05-12,14.1,10.6,18.9,,,,7.6,,1006.6,
1383,2020-05-13,14.3,11.7,18.3,,,,9.5,,1011.7,
1384,2020-05-14,14.1,10.0,18.9,,,,5.7,,1015.7,
1385,2020-05-15,15.5,11.7,20.0,,,,7.6,,1020.0,
1386,2020-05-16,14.0,11.7,16.7,,,353.0,4.7,,1010.6,
1387,2020-05-17,14.5,11.1,19.4,,,,7.4,,,
1388,2020-05-18,14.8,11.1,19.4,0.0,,348.0,8.5,,1009.6,
1389,2020-05-19,14.5,12.2,17.8,0.0,,189.0,9.2,,1016.6,
1390,2020-05-20,12.7,10.6,15.0,,,,11.1,,1018.2,
1391,2020-05-21,10.5,8.3,12.8,,,,8.4,,,
1392,2020-05-22,11.8,8.3,16.1,,,,11.6,,1018.6,
1393,2020-05-23,12.3,9.4,16.7,,,,5.0,,1022.8,
1394,2020-05-24,15.3,10.0,21.1,0.0,,355.0,4.2,,,
1395,2020-05-25,14.7,12.8,16.1,,,181.0,7.6,,,
1396,2020-05-26,13.7,10.0,18.3,0.0,,338.0,9.2,,1021.3,
1397,2020-05-27,15.9,7.8,22.8,0.0,,342.0,10.6,,,
1398,2020-05-28,19.8,13.3,26.1,0.0,,341.0,10.5,,1016.2,
1399,2020-05-29,19.6,16.1,25.0,0.0,,332.0,15.2,,1013.2,
1400,2020-05-30,12.9,10.0,15.6,,,320.0,10.6,,,
1401,2020-05-31,11.7,8.9,16.7,,,,9.1,,,
1402,2020-06-01,14.3,8.9,19.4,0.0,,,7.9,,1021.7,
1403,2020-06-02,14.1,8.9,19.4,,,213.0,7.6,,1023.2,
1404,2020-06-03,14.2,10.6,18.9,,,,8.5,,1022.5,
1405,2020-06-04,15.4,12.2,19.4,,,,9.5,,1018.4,
1406,2020-06-05,14.1,10.6,18.3,4.8,,,7.0,,1008.7,
1407,2020-06-06,13.2,10.0,16.7,,,,11.2,,1009.5,
1408,2020-06-07,13.5,10.6,17.8,,,191.0,11.3,,,
1409,2020-06-08,14.5,11.7,17.8,0.0,,182.0,15.1,,1022.2,
1410,2020-06-09,13.0,10.6,16.7,,,,8.2,,,
1411,2020-06-10,16.8,12.8,22.2,,,,6.2,,1019.5,
1412,2020-06-11,17.4,15.0,21.7,,,,6.4,,1018.2,
1413,2020-06-12,14.2,12.2,16.7,,,171.0,8.7,,,
1414,2020-06-13,13.2,10.6,17.2,,,217.0,9.0,,1014.3,
1415,2020-06-14,14.4,10.6,19.4,0.0,,,10.1,,,
1416,2020-06-15,13.7,11.7,15.6,,,168.0,9.7,,1013.5,
1417,2020-06-16,13.9,10.6,18.9,,,,6.3,,1018.8,
1418,2020-06-17,16.1,10.0,22.2,0.0,,,6.5,,1025.1,
1419,2020-06-18,18.0,11.7,23.9,0.0,,343.0,11.2,,1022.6,
1420,2020-06-19,20.0,12.8,26.7,0.0,,349.0,5.9,,1014.9,
1421,2020-06-20,19.3,17.2,23.3,,,,10.4,,1014.7,
1422,2020-06-21,17.7,15.0,21.1,0.0,,227.0,10.5,,1020.4,
1423,2020-06-22,18.4,11.7,25.0,0.0,,341.0,11.8,,1022.4,
1424,2020-06-23,20.9,15.6,26.7,0.0,,343.0,11.4,,1016.7,
1425,2020-06-24,20.3,17.2,24.4,0.0,,303.0,11.1,,1014.5,
1426,2020-06-25,20.3,15.6,26.1,0.0,,336.0,11.7,,1018.3,
1427,2020-06-26,20.7,15.0,27.2,0.0,,345.0,9.8,,1017.0,
1428,2020-06-27,15.2,13.3,17.8,,,,6.2,,,
1429,2020-06-28,15.3,11.1,20.6,,,,6.0,,,
1430,2020-06-29,16.5,12.2,22.2,,,,10.6,,,
1431,2020-06-30,15.4,12.2,18.9,,,,14.2,,,
1432,2020-07-01,15.0,12.8,18.3,,,184.0,14.9,,1014.6,
1433,2020-07-02,15.6,13.3,18.9,0.0,,195.0,12.5,,1016.0,
1434,2020-07-03,16.2,13.9,18.9,0.0,,213.0,8.2,,1018.9,
1435,2020-07-04,16.6,12.8,21.7,0.0,,343.0,7.8,,1022.4,
1436,2020-07-05,18.0,12.2,23.9,0.0,,,8.3,,,
1437,2020-07-06,17.3,12.8,21.7,0.0,,,8.8,,1018.0,
1438,2020-07-07,16.6,14.4,19.4,,,202.0,10.9,,1018.6,
1439,2020-07-08,17.9,14.4,22.2,0.0,,292.0,5.5,,1019.1,
1440,2020-07-09,17.8,15.6,22.8,,,202.0,9.6,,1016.8,
1441,2020-07-10,18.0,13.9,23.3,0.0,,,8.0,,1021.3,
1442,2020-07-11,16.8,12.2,20.6,,,216.0,9.7,,1020.1,
1443,2020-07-12,17.4,14.4,21.1,0.0,,,11.2,,1020.8,
1444,2020-07-13,18.0,12.8,23.3,0.0,,,12.0,,1020.4,
1445,2020-07-14,19.3,11.1,26.1,0.0,,348.0,9.9,,1021.0,
1446,2020-07-15,21.1,13.3,27.8,0.0,,342.0,8.7,,1019.9,
1447,2020-07-16,20.7,15.6,25.0,0.0,,263.0,10.2,,1016.8,
1448,2020-07-17,17.3,14.4,20.6,,,305.0,7.6,,,
1449,2020-07-18,19.7,12.2,25.6,0.0,,342.0,10.6,,1022.3,
1450,2020-07-19,21.6,14.4,27.8,0.0,,343.0,9.3,,1018.9,
1451,2020-07-20,23.0,15.6,29.4,0.0,,342.0,8.1,,1016.1,
1452,2020-07-21,22.5,18.3,27.2,0.0,,,7.9,,1012.4,
1453,2020-07-22,18.6,15.6,22.2,,,,7.9,,,
1454,2020-07-23,17.5,15.0,19.4,0.0,,196.0,8.8,,1015.7,
1455,2020-07-24,17.4,14.4,21.1,0.0,,,11.4,,,
1456,2020-07-25,19.1,13.9,24.4,0.0,,,12.1,,1020.8,
1457,2020-07-26,22.3,15.0,30.0,0.0,,342.0,14.7,,1017.9,
1458,2020-07-27,24.9,16.1,33.9,0.0,,353.0,6.8,,1012.2,
1459,2020-07-28,21.8,16.1,26.7,0.0,,217.0,10.1,,1013.1,
1460,2020-07-29,22.2,15.0,29.4,0.0,,340.0,9.1,,1013.7,
1461,2020-07-30,24.5,18.3,31.1,0.0,,,12.0,,1014.2,
1462,2020-07-31,22.9,18.9,28.3,,,,9.9,,1015.3,
1463,2020-08-01,19.3,16.1,24.4,0.0,,,5.6,,1019.8,
1464,2020-08-02,20.8,13.9,27.2,0.0,,,8.0,,1018.7,
1465,2020-08-03,21.1,15.6,26.7,0.0,,,8.9,,1021.0,
1466,2020-08-04,22.2,17.8,27.8,0.0,,,10.8,,1018.2,
1467,2020-08-05,21.6,15.6,27.2,0.0,,,8.4,,1013.4,
1468,2020-08-06,17.0,13.9,20.0,,,,8.7,,1014.5,
1469,2020-08-07,18.8,15.6,23.3,,,,10.4,,1021.3,
1470,2020-08-08,17.3,15.0,20.6,,,339.0,5.0,,,
1471,2020-08-09,18.2,10.6,24.4,0.0,,343.0,9.6,,1024.8,
1472,2020-08-10,20.0,12.8,26.7,0.0,,345.0,9.2,,1019.0,
1473,2020-08-11,19.1,15.6,23.3,0.0,,220.0,9.3,,1014.1,
1474,2020-08-12,16.7,13.3,21.1,0.0,,,6.8,,,
1475,2020-08-13,17.1,10.0,23.3,0.0,,,6.9,,1021.1,
1476,2020-08-14,19.4,11.1,26.1,0.0,,341.0,12.1,,1022.4,
1477,2020-08-15,22.5,15.0,30.0,0.0,,,14.6,,1016.4,
1478,2020-08-16,26.3,16.7,36.1,0.0,,113.0,4.8,,1012.0,
1479,2020-08-17,24.8,19.4,31.7,0.0,,,8.8,,1016.7,
1480,2020-08-18,21.7,17.8,27.2,0.0,,257.0,10.3,,1018.8,
1481,2020-08-19,21.8,15.0,28.9,0.0,,,7.8,,1014.9,
1482,2020-08-20,22.0,17.8,26.7,,,,8.5,,1011.8,
1483,2020-08-21,20.1,17.8,22.2,,,169.0,11.0,,,
1484,2020-08-22,19.0,15.6,23.3,,,345.0,12.0,,1019.0,
1485,2020-08-23,18.3,11.1,24.4,0.0,,,10.5,,1016.1,
1486,2020-08-24,18.8,12.2,23.3,0.0,,347.0,8.1,,1015.1,
1487,2020-08-25,18.6,11.1,25.0,0.0,,340.0,9.1,,1015.4,
1488,2020-08-26,18.8,11.7,24.4,0.0,,346.0,9.2,,1016.0,
1489,2020-08-27,19.3,11.7,26.1,0.0,,354.0,7.7,,1016.7,
1490,2020-08-28,19.2,12.2,25.6,0.0,,339.0,9.4,,1017.0,
1491,2020-08-29,18.5,15.6,21.7,0.0,,,8.1,,1017.0,
1492,2020-08-30,16.7,10.0,23.3,,,,6.2,,1020.7,
1493,2020-08-31,16.8,12.8,21.1,,,,6.0,,,
1494,2020-09-01,20.8,15.0,26.7,0.0,,337.0,8.9,,1020.9,
1495,2020-09-02,20.8,15.0,26.7,0.0,,345.0,10.2,,1019.0,
1496,2020-09-03,21.3,15.0,27.8,0.0,,339.0,15.3,,,
1497,2020-09-04,21.0,13.9,28.3,0.0,,349.0,7.9,,1016.0,
1498,2020-09-05,18.5,15.6,22.8,0.0,,279.0,6.4,,1022.9,
1499,2020-09-06,19.8,15.0,26.1,0.0,,349.0,8.4,,1024.1,
1500,2020-09-07,21.7,16.7,28.3,0.0,,,13.2,,,
1501,2020-09-08,22.2,18.3,27.8,0.0,,,,,1023.9,
1502,2020-09-09,21.9,12.2,31.1,0.0,,350.0,10.2,,1016.3,
1503,2020-09-10,22.7,13.9,32.2,0.0,,346.0,6.8,,1014.5,
1504,2020-09-11,18.7,13.3,24.4,0.0,,,7.1,,1017.2,
1505,2020-09-12,14.0,11.7,16.7,0.0,,0.0,2.7,,,
1506,2020-09-13,14.4,10.0,19.4,0.0,,14.0,3.9,,,
1507,2020-09-14,17.4,14.4,21.1,,,352.0,3.3,,1014.6,
1508,2020-09-15,19.8,16.7,25.0,,,317.0,5.8,,,
1509,2020-09-16,19.2,17.2,22.8,0.0,,349.0,7.0,,1017.0,
1510,2020-09-17,18.7,15.0,23.3,0.0,,340.0,5.7,,,
1511,2020-09-18,17.8,16.7,20.0,,,,4.7,,1013.3,
1512,2020-09-19,17.8,15.6,22.2,,,,,,,
1513,2020-09-20,17.3,14.4,21.7,,,,3.5,,,
1514,2020-09-21,16.5,11.7,21.7,,,,,,,
1515,2020-09-22,18.5,16.1,22.2,,,,5.3,,,
1516,2020-09-23,16.2,15.0,17.2,,,156.0,9.5,,1009.7,
1517,2020-09-24,16.3,15.0,18.9,,,,10.9,,1013.6,
1518,2020-09-25,14.8,12.8,17.2,,,,11.3,,,
1519,2020-09-26,14.7,12.2,18.3,,,177.0,10.6,,,
1520,2020-09-27,15.3,11.1,20.0,0.0,,348.0,6.6,,1030.1,
1521,2020-09-28,16.5,10.0,23.3,0.0,,342.0,12.5,,1026.3,
1522,2020-09-29,17.8,13.3,25.6,0.0,,341.0,12.1,,1018.8,
1523,2020-09-30,16.7,12.2,22.8,0.0,,358.0,1.8,,1021.5,
1524,2020-10-01,16.0,12.8,21.1,0.0,,344.0,4.2,,,
1525,2020-10-02,16.0,12.2,22.8,0.0,,357.0,1.8,,,
1526,2020-10-03,14.1,12.2,16.1,0.0,,1.0,3.8,,,
1527,2020-10-04,15.0,13.3,16.7,0.0,,339.0,2.4,,,
1528,2020-10-05,16.2,13.9,20.0,0.0,,344.0,6.9,,,
1529,2020-10-06,16.1,11.7,22.2,0.0,,338.0,9.9,,,
1530,2020-10-07,15.0,12.2,17.8,0.0,,,4.1,,1013.3,
1531,2020-10-08,16.2,14.4,19.4,0.0,,180.0,7.1,,1012.5,
1532,2020-10-09,17.0,15.0,20.0,,,202.0,6.1,,,
1533,2020-10-10,14.4,12.8,16.7,,,,13.6,,1005.9,
1534,2020-10-11,12.7,11.1,15.6,,,,10.6,,1012.5,
1535,2020-10-12,13.8,11.7,16.7,,,191.0,11.5,,1018.8,
1536,2020-10-13,13.7,9.4,17.2,,,190.0,12.9,,,
1537,2020-10-14,13.4,11.7,16.7,0.0,,,7.5,,1028.5,
1538,2020-10-15,11.7,6.7,16.1,0.0,,345.0,4.1,,1034.7,
1539,2020-10-16,14.8,10.6,17.8,,,,12.1,,1022.7,
1540,2020-10-17,12.9,11.7,15.0,,,160.0,6.9,,,
1541,2020-10-18,14.5,11.7,17.8,,,181.0,8.8,,,
1542,2020-10-19,12.9,10.6,15.0,,,,8.3,,,
1543,2020-10-20,11.4,8.9,15.0,0.0,,6.0,2.3,,1022.4,
1544,2020-10-21,8.6,6.1,11.1,,,,3.3,,1021.6,
1545,2020-10-22,7.1,3.3,11.7,0.0,,337.0,4.7,,1028.8,
1546,2020-10-23,6.8,3.9,10.0,,,111.0,8.9,,,
1547,2020-10-24,7.6,5.6,10.0,,,,10.8,,,
1548,2020-10-25,4.7,0.0,10.0,0.0,,,5.7,,1034.1,
1549,2020-10-26,6.0,0.6,10.0,,,,5.8,,,
1550,2020-10-27,9.9,7.8,14.4,0.0,,105.0,3.7,,1029.4,
1551,2020-10-28,10.5,6.7,14.4,0.0,,180.0,6.4,,1024.4,
1552,2020-10-29,11.9,8.3,15.6,,,,2.3,,1021.1,
1553,2020-10-30,12.1,7.8,15.6,,,,10.1,,1018.0,
1554,2020-10-31,8.8,3.9,13.3,0.0,,348.0,7.5,,1028.6,
1555,2020-11-01,9.2,6.1,15.0,0.0,,347.0,11.3,,1023.9,
1556,2020-11-02,9.8,3.3,18.9,0.0,,,6.4,,1019.1,
1557,2020-11-03,9.7,6.7,12.8,,,163.0,6.2,,,
1558,2020-11-04,15.9,12.8,18.9,,,,14.6,,1016.1,
1559,2020-11-05,11.7,8.3,16.1,,,,8.8,,1017.6,
1560,2020-11-06,7.9,3.3,10.0,,,4.0,9.8,,1011.8,
1561,2020-11-07,3.9,1.1,7.2,,,117.0,8.5,,,
1562,2020-11-08,3.2,-1.1,8.9,,,,9.3,,1017.0,
1563,2020-11-09,2.7,-1.1,6.7,,,,7.8,,1022.4,
1564,2020-11-10,6.9,5.0,8.3,,,,5.4,,1016.2,
1565,2020-11-11,4.6,1.7,7.8,,,5.0,1.6,,1022.1,
1566,2020-11-12,6.6,4.4,10.6,,,150.0,7.0,,1014.4,
1567,2020-11-13,8.4,6.1,11.1,,,181.0,15.2,,998.3,
1568,2020-11-14,7.3,6.1,10.0,,,,8.6,,1013.7,
1569,2020-11-15,9.2,6.7,11.7,,,173.0,13.4,,,
1570,2020-11-16,7.5,7.2,7.8,,,344.0,5.0,,1012.9,
1571,2020-11-17,9.6,6.1,16.1,,,,12.2,,997.6,
1572,2020-11-18,7.1,6.1,8.3,,,136.0,7.0,,,
1573,2020-11-19,7.1,5.6,8.9,,,168.0,10.3,,,
1574,2020-11-20,8.3,6.7,10.6,,,134.0,5.8,,1030.9,
1575,2020-11-21,8.3,4.4,11.7,,,345.0,5.0,,1029.4,
1576,2020-11-22,4.5,1.7,6.7,,,153.0,6.1,,,
1577,2020-11-23,7.2,5.6,8.9,,,,6.7,,1017.0,
1578,2020-11-24,8.2,6.7,12.2,,,163.0,10.2,,1016.0,
1579,2020-11-25,7.4,6.7,9.4,,,165.0,6.5,,,
1580,2020-11-26,8.2,7.2,10.0,,,,6.5,,1029.7,
1581,2020-11-27,,,,0.0,,,,,1024.7,
1582,2020-11-28,,,,,,,,,,
1583,2020-11-29,2.0,0.0,3.3,0.0,,,4.7,,,
1584,2020-11-30,6.8,2.2,11.1,,,,12.1,,,
1585,2020-12-01,5.2,2.2,9.4,0.0,,349.0,10.1,,1034.7,
1586,2020-12-02,6.8,2.2,15.6,0.0,,,7.2,,1024.4,
1587,2020-12-03,5.6,1.1,10.0,0.0,,45.0,3.1,,1026.7,
1588,2020-12-04,6.2,2.2,11.1,0.0,,353.0,4.0,,1030.3,
1589,2020-12-05,7.0,0.6,16.1,,,,5.0,,1019.8,
1590,2020-12-06,9.1,6.7,12.8,,,147.0,5.9,,,
1591,2020-12-07,8.9,5.6,12.2,,,173.0,7.3,,1026.4,
1592,2020-12-08,9.9,8.3,11.1,,,,8.5,,,
1593,2020-12-09,7.6,5.6,8.9,,,177.0,4.5,,1026.2,
1594,2020-12-10,3.8,1.1,6.1,,,,5.7,,,
1595,2020-12-11,5.4,1.1,8.3,,,31.0,6.8,,,
1596,2020-12-12,2.1,-1.1,5.6,0.0,,,4.7,,,
1597,2020-12-13,5.8,4.4,7.2,,,,9.0,,1015.4,
1598,2020-12-14,7.3,5.6,10.0,,,178.0,6.4,,1023.4,
1599,2020-12-15,7.6,5.6,8.9,,,157.0,10.5,,,
1600,2020-12-16,8.5,7.2,10.6,,,162.0,10.2,,,
1601,2020-12-17,8.7,7.2,10.6,,,179.0,15.6,,1012.8,
1602,2020-12-18,8.7,6.7,11.7,,,156.0,11.8,,1019.3,
1603,2020-12-19,8.9,7.8,11.1,,,160.0,10.7,,1019.6,
1604,2020-12-20,10.8,8.3,12.8,,,,10.1,,1019.4,
1605,2020-12-21,7.4,2.2,16.1,,,,10.1,,,
1606,2020-12-22,3.4,0.0,7.8,0.0,,43.0,3.1,,1025.6,
1607,2020-12-23,2.0,-1.1,6.1,0.0,,355.0,5.8,,,
1608,2020-12-24,0.9,-1.7,6.1,,,117.0,4.2,,1020.8,
1609,2020-12-25,4.7,0.0,8.9,,,,7.6,,1008.7,
1610,2020-12-26,7.8,5.6,10.0,,,166.0,12.0,,,
1611,2020-12-27,6.3,2.8,8.9,,,,5.3,,,
1612,2020-12-28,3.5,-1.1,8.3,0.0,,357.0,4.1,,1020.4,
1613,2020-12-29,2.7,0.6,4.4,,,147.0,6.0,,1024.9,
1614,2020-12-30,6.3,4.4,8.9,,,,,,,
1615,2020-12-31,9.2,8.3,10.6,,,174.0,12.4,,,
1616,2021-01-01,9.0,7.2,11.1,,,159.0,6.8,,1011.8,
1617,2021-01-02,9.2,7.2,10.0,29.3,,168.0,15.5,,1008.1,
1618,2021-01-03,6.3,3.9,8.9,10.3,,135.0,7.3,,1013.1,
1619,2021-01-04,8.3,7.2,10.0,18.0,,150.0,12.2,,1006.0,
1620,2021-01-05,7.0,6.1,8.3,12.3,,148.0,6.8,,1017.1,
1621,2021-01-06,7.8,4.4,10.6,4.8,,91.0,5.8,,1017.2,
1622,2021-01-07,7.3,4.4,11.7,0.0,,36.0,6.9,,1022.6,
1623,2021-01-08,7.4,2.8,11.7,6.1,,16.0,3.8,,1023.4,
1624,2021-01-09,3.6,0.0,9.4,0.0,,357.0,4.0,,1026.0,
1625,2021-01-10,7.4,5.6,10.0,3.1,,146.0,4.5,,1023.2,
1626,2021-01-11,7.5,6.1,8.3,15.7,,148.0,7.7,,1017.6,
1627,2021-01-12,11.1,7.8,14.4,43.1,,150.0,10.0,,1004.7,
1628,2021-01-13,8.5,3.9,13.9,5.3,,195.0,14.9,,1024.5,
1629,2021-01-14,6.8,2.8,11.1,0.1,,340.0,4.3,,1029.7,
1630,2021-01-15,8.5,5.0,12.2,2.6,,1.0,3.4,,1029.8,
1631,2021-01-16,5.3,2.8,8.3,0.0,,351.0,2.6,,1029.8,
1632,2021-01-17,7.7,5.6,10.6,2.3,,23.0,3.6,,1031.8,
1633,2021-01-18,6.1,2.8,9.4,0.0,,7.0,4.1,,1035.3,
1634,2021-01-19,2.8,1.1,7.8,0.0,,63.0,3.5,,1031.0,
1635,2021-01-20,4.4,1.1,7.8,0.0,,0.0,1.8,,1022.6,
1636,2021-01-21,6.4,5.0,8.3,3.1,,353.0,6.3,,1018.7,
1637,2021-01-22,5.7,1.1,7.8,0.0,,353.0,11.8,,1018.4,
1638,2021-01-23,1.8,-1.7,6.7,0.0,,136.0,4.6,,1020.4,
1639,2021-01-24,4.1,3.3,5.6,4.3,,113.0,4.1,,1009.1,
1640,2021-01-25,4.9,2.8,7.2,0.8,,181.0,7.9,,1010.6,
1641,2021-01-26,4.1,0.6,7.2,0.0,,113.0,9.7,,1003.1,
1642,2021-01-27,5.9,3.3,7.2,0.9,,359.0,5.6,,1001.1,
1643,2021-01-28,6.0,4.4,7.8,7.1,,354.0,2.4,,1006.8,
1644,2021-01-29,6.3,4.4,9.4,0.7,,13.0,3.2,,1009.9,
1645,2021-01-30,7.1,5.0,10.0,5.1,,125.0,4.6,,1012.5,
1646,2021-01-31,7.6,6.7,9.4,7.8,,335.0,3.2,,1012.7,
1647,2021-02-01,8.7,6.7,10.0,18.4,,148.0,3.7,,1007.7,
1648,2021-02-02,6.5,5.0,8.3,18.0,,170.0,9.3,,1010.4,
1649,2021-02-03,6.4,5.0,10.0,1.7,,356.0,3.1,,1020.1,
1650,2021-02-04,7.3,5.6,9.4,1.2,,161.0,11.8,,1027.7,
1651,2021-02-05,9.1,7.8,11.1,0.6,,187.0,12.6,,1023.1,
1652,2021-02-06,8.3,7.2,10.6,0.0,,186.0,21.1,,1018.0,
1653,2021-02-07,6.6,4.4,9.4,0.5,,191.0,15.1,,1016.9,
1654,2021-02-08,4.2,1.7,6.7,1.1,,341.0,4.3,,1018.4,
1655,2021-02-09,3.6,0.6,6.7,0.0,,353.0,6.3,,1021.5,
1656,2021-02-10,2.1,-1.7,6.1,0.0,,174.0,5.4,,1022.7,
1657,2021-02-11,1.7,0.0,3.9,1.0,,6.0,7.1,,1019.3,
1658,2021-02-12,-0.4,-3.3,1.1,2.1,,84.0,7.0,,1017.0,
1659,2021-02-13,-1.8,-3.3,0.0,11.2,,149.0,11.3,,1010.7,
1660,2021-02-14,0.7,-0.6,2.8,8.0,,140.0,6.4,,1012.6,
1661,2021-02-15,3.6,0.6,7.2,3.4,,158.0,10.0,,1003.9,
1662,2021-02-16,5.9,3.3,9.4,2.1,,117.0,4.6,,1017.6,
1663,2021-02-17,5.0,2.2,8.3,0.3,,339.0,4.7,,1027.0,
1664,2021-02-18,5.1,2.8,7.8,3.1,,134.0,7.9,,1019.6,
1665,2021-02-19,6.9,5.0,10.0,1.8,,170.0,11.9,,1018.8,
1666,2021-02-20,6.7,4.4,10.0,0.5,,188.0,10.6,,1025.0,
1667,2021-02-21,9.2,6.1,11.7,3.7,,175.0,19.0,,1026.9,
1668,2021-02-22,9.6,6.1,11.7,16.0,,188.0,18.6,,1022.4,
1669,2021-02-23,5.7,2.8,9.4,5.8,,185.0,8.7,,1026.9,
1670,2021-02-24,4.8,1.7,8.3,0.0,,118.0,5.0,,1034.2,
1671,2021-02-25,6.4,3.3,8.9,1.8,,185.0,16.1,,1020.4,
1672,2021-02-26,6.4,3.9,11.1,5.1,,153.0,9.9,,1014.8,
1673,2021-02-27,5.8,1.7,9.4,0.1,,183.0,5.6,,1024.0,
1674,2021-02-28,8.0,4.4,11.7,0.9,,150.0,7.3,,1025.5,
1675,2021-03-01,9.0,3.9,14.4,0.0,,183.0,6.8,,1019.0,
1676,2021-03-02,7.0,5.6,9.4,0.0,,347.0,4.8,,1017.6,
1677,2021-03-03,6.6,1.1,13.3,0.0,,359.0,3.3,,1010.7,
1678,2021-03-04,7.1,2.2,12.8,4.2,,312.0,4.3,,1015.7,
1679,2021-03-05,7.6,5.0,10.6,2.0,,138.0,6.7,,1013.6,
1680,2021-03-06,7.1,3.9,10.6,0.1,,173.0,9.3,,1016.2,
1681,2021-03-07,6.2,2.8,8.9,4.3,,181.0,11.4,,1018.6,
1682,2021-03-08,5.3,-0.6,11.7,0.0,,354.0,3.5,,1016.3,
1683,2021-03-09,6.2,1.7,12.2,0.4,,352.0,2.7,,1015.7,
1684,2021-03-10,5.4,0.0,11.7,0.0,,347.0,8.2,,1016.2,
1685,2021-03-11,6.3,0.6,12.2,0.0,,344.0,4.9,,1024.9,
1686,2021-03-12,6.6,0.0,13.9,0.0,,2.0,4.0,,1027.0,
1687,2021-03-13,8.2,1.1,16.7,0.0,,199.0,5.7,,1022.0,
1688,2021-03-14,,,,,,,,,,
1689,2021-03-15,5.1,1.7,8.3,1.3,,356.0,4.7,,1022.1,
1690,2021-03-16,5.6,0.6,11.1,0.0,,346.0,5.2,,1022.2,
1691,2021-03-17,7.0,0.6,14.4,0.0,,353.0,3.9,,1016.6,
1692,2021-03-18,7.4,3.3,11.7,3.2,,151.0,7.1,,1011.0,
1693,2021-03-19,9.1,4.4,13.9,0.9,,184.0,11.2,,1014.8,
1694,2021-03-20,8.2,6.1,10.6,6.9,,190.0,11.5,,1020.5,
1695,2021-03-21,6.5,5.6,7.2,4.0,,173.0,14.2,,1025.9,
1696,2021-03-22,7.2,5.0,10.0,4.1,,18.0,8.4,,1020.2,
1697,2021-03-23,7.3,2.2,11.7,0.0,,354.0,4.7,,1031.1,
1698,2021-03-24,8.4,6.7,11.7,8.6,,184.0,13.7,,1015.4,
1699,2021-03-25,7.8,5.6,11.1,5.6,,21.0,7.4,,1013.3,
1700,2021-03-26,8.6,4.4,12.2,0.0,,188.0,8.3,,1024.5,
1701,2021-03-27,9.6,5.6,12.8,0.0,,337.0,4.2,,1028.6,
1702,2021-03-28,7.2,4.4,8.9,6.2,,181.0,15.6,,1016.5,
1703,2021-03-29,5.8,1.7,10.0,0.0,,342.0,7.3,,1026.4,
1704,2021-03-30,6.1,0.6,11.7,0.0,,16.0,6.7,,1031.6,
1705,2021-03-31,8.0,0.6,16.1,0.0,,344.0,7.1,,1025.7,
1706,2021-04-01,9.4,5.0,13.3,0.0,,336.0,7.6,,1014.5,
1707,2021-04-02,9.6,5.6,14.4,0.0,,173.0,6.7,,1018.5,
1708,2021-04-03,11.0,4.4,17.8,0.0,,213.0,7.5,,1021.1,
1709,2021-04-04,8.4,5.6,10.0,0.8,,350.0,13.3,,1024.4,
1710,2021-04-05,7.1,1.1,13.3,0.0,,0.0,4.6,,1024.1,
1711,2021-04-06,8.8,2.2,15.6,0.0,,28.0,5.1,,1020.6,
1712,2021-04-07,7.9,5.6,10.0,1.9,,183.0,13.2,,1018.5,
1713,2021-04-08,8.1,4.4,12.2,6.1,,218.0,7.7,,1024.0,
1714,2021-04-09,7.0,2.2,10.0,0.7,,184.0,10.1,,1022.5,
1715,2021-04-10,7.5,4.4,10.0,2.0,,302.0,12.1,,1022.6,
1716,2021-04-11,6.4,0.0,11.7,0.0,,338.0,11.4,,1028.5,
1717,2021-04-12,8.6,0.6,14.4,0.0,,340.0,15.3,,1026.0,
1718,2021-04-13,10.2,2.2,16.7,0.0,,347.0,12.8,,1026.1,
1719,2021-04-14,11.8,3.3,18.3,0.0,,345.0,11.5,,1021.9,
1720,2021-04-15,14.2,5.6,22.2,0.0,,341.0,9.5,,1019.6,
1721,2021-04-16,15.6,7.2,24.4,0.0,,346.0,9.2,,1022.3,
1722,2021-04-17,16.0,7.8,25.0,0.0,,352.0,4.4,,1022.4,
1723,2021-04-18,17.1,7.8,26.1,0.0,,343.0,5.8,,1020.8,
1724,2021-04-19,15.7,8.3,22.8,0.0,,355.0,6.0,,1022.9,
1725,2021-04-20,15.3,8.3,21.7,0.0,,346.0,7.7,,1021.9,
1726,2021-04-21,14.9,7.2,21.7,0.0,,351.0,6.8,,1017.4,
1727,2021-04-22,12.8,10.0,16.7,0.0,,195.0,9.6,,1014.3,
1728,2021-04-23,11.6,7.2,16.1,0.0,,191.0,9.5,,1014.5,
1729,2021-04-24,9.6,8.9,10.0,10.4,,168.0,7.6,,1009.4,
1730,2021-04-25,11.3,8.9,16.1,2.2,,194.0,7.5,,1007.4,
1731,2021-04-26,11.4,8.3,15.0,0.0,,20.0,5.2,,1013.0,
1732,2021-04-27,12.0,7.2,16.7,0.0,,253.0,5.9,,1021.5,
1733,2021-04-28,13.6,8.9,18.9,0.0,,357.0,6.3,,1025.8,
1734,2021-04-29,16.4,10.0,23.9,0.0,,283.0,10.1,,1023.7,
1735,2021-04-30,14.8,11.7,18.9,1.6,,185.0,12.9,,1022.2,
1736,2021-05-01,12.2,9.4,15.0,0.2,,252.0,6.8,,1020.7,
1737,2021-05-02,12.0,8.3,16.7,0.5,,356.0,2.8,,1023.5,
1738,2021-05-03,11.4,8.3,14.4,4.4,,167.0,5.6,,1022.7,
1739,2021-05-04,13.2,10.6,17.2,3.8,,343.0,9.4,,1024.0,
1740,2021-05-05,13.9,6.1,20.6,0.0,,343.0,12.1,,1017.1,
1741,2021-05-06,14.4,10.6,18.9,0.7,,184.0,11.3,,1014.1,
1742,2021-05-07,10.3,8.3,13.3,0.3,,168.0,12.4,,1023.7,
1743,2021-05-08,11.2,8.3,15.0,0.0,,197.0,10.6,,1028.4,
1744,2021-05-09,13.1,10.0,17.8,0.0,,355.0,8.4,,1025.6,
1745,2021-05-10,12.9,6.1,18.9,0.0,,345.0,8.8,,1025.0,
1746,2021-05-11,14.6,7.8,20.6,0.0,,335.0,9.4,,1023.0,
1747,2021-05-12,16.2,12.8,20.6,0.0,,342.0,12.6,,1021.0,
1748,2021-05-13,16.4,11.1,22.2,0.0,,343.0,12.0,,1022.1,
1749,2021-05-14,16.7,9.4,23.3,0.0,,344.0,9.7,,1020.1,
1750,2021-05-15,16.6,9.4,22.8,0.0,,348.0,7.8,,1018.8,
1751,2021-05-16,17.8,10.0,25.0,0.0,,354.0,7.2,,1014.8,
1752,2021-05-17,13.5,11.7,17.2,2.8,,180.0,13.0,,1014.2,
1753,2021-05-18,11.9,8.9,16.7,5.8,,185.0,14.8,,1019.6,
1754,2021-05-19,11.1,7.8,15.0,0.3,,352.0,7.9,,1019.8,
1755,2021-05-20,11.6,8.3,17.2,0.0,,153.0,7.0,,1020.0,
1756,2021-05-21,12.6,7.8,17.8,0.0,,348.0,5.7,,1022.7,
1757,2021-05-22,12.6,8.9,16.7,0.0,,211.0,4.6,,1020.8,
1758,2021-05-23,13.8,11.7,17.8,0.0,,186.0,11.9,,1018.6,
1759,2021-05-24,13.6,10.6,16.7,3.3,,182.0,10.6,,1018.2,
1760,2021-05-25,14.7,12.2,17.8,0.0,,202.0,9.9,,1019.7,
1761,2021-05-26,14.8,11.7,18.3,0.0,,201.0,7.6,,1020.2,
1762,2021-05-27,13.1,11.7,16.1,13.4,,179.0,14.9,,1015.0,
1763,2021-05-28,13.3,10.6,17.8,0.0,,232.0,10.9,,1024.4,
1764,2021-05-29,15.0,8.3,22.2,0.0,,337.0,12.9,,1021.1,
1765,2021-05-30,16.8,10.6,22.2,0.0,,344.0,8.7,,1020.9,
1766,2021-05-31,18.8,11.7,26.1,0.0,,342.0,9.8,,1021.9,
1767,2021-06-01,22.2,14.4,30.0,0.0,,343.0,11.8,,1016.6,
1768,2021-06-02,23.1,15.6,30.0,0.0,,328.0,9.7,,1013.0,
1769,2021-06-03,20.1,15.0,25.6,0.0,,223.0,8.0,,1015.0,
1770,2021-06-04,16.4,11.7,21.1,0.0,,201.0,10.4,,1017.9,
1771,2021-06-05,15.4,12.2,18.9,0.6,,190.0,18.4,,1016.2,
1772,2021-06-06,11.6,10.6,13.9,9.4,,179.0,11.5,,1015.0,
1773,2021-06-07,12.3,7.8,17.2,5.8,,304.0,6.8,,1013.9,
1774,2021-06-08,14.3,8.9,19.4,0.4,,355.0,5.0,,1015.7,
1775,2021-06-09,15.0,9.4,20.0,0.0,,231.0,7.5,,1020.1,
1776,2021-06-10,15.2,11.1,18.9,0.0,,193.0,9.1,,1020.8,
1777,2021-06-11,13.9,12.8,15.6,4.4,,330.0,4.4,,1014.5,
1778,2021-06-12,17.8,12.2,22.8,3.5,,342.0,6.6,,1014.2,
1779,2021-06-13,16.7,15.6,18.3,14.0,,316.0,5.0,,1012.4,
1780,2021-06-14,16.7,15.0,18.9,1.1,,86.0,4.2,,1016.3,
1781,2021-06-15,16.8,13.3,20.0,0.0,,180.0,10.3,,1022.1,
1782,2021-06-16,17.4,13.3,22.2,0.0,,341.0,10.0,,1026.6,
1783,2021-06-17,18.8,11.1,25.6,0.0,,344.0,7.8,,1021.7,
1784,2021-06-18,18.5,14.4,23.3,0.0,,343.0,13.4,,1019.4,
1785,2021-06-19,18.9,12.8,25.0,0.0,,347.0,10.2,,1018.6,
1786,2021-06-20,21.5,15.6,27.2,0.0,,338.0,17.4,,1015.5,
1787,2021-06-21,24.3,16.1,31.7,0.0,,346.0,8.2,,1011.4,
1788,2021-06-22,22.1,17.2,26.1,0.0,,186.0,8.8,,1010.9,
1789,2021-06-23,19.5,14.4,26.1,0.0,,201.0,8.7,,1013.9,
1790,2021-06-24,21.6,15.0,27.8,0.0,,345.0,9.3,,1017.4,
1791,2021-06-25,24.7,18.9,30.6,0.0,,340.0,10.1,,1016.4,
1792,2021-06-26,28.8,20.0,38.3,0.0,,348.0,8.7,,1014.6,
1793,2021-06-27,30.7,22.2,39.4,0.0,,344.0,10.9,,1010.9,
1794,2021-06-28,33.2,23.3,42.8,0.0,,337.0,12.0,,1006.1,
1795,2021-06-29,24.5,18.9,30.6,0.0,,190.0,13.3,,1008.3,
1796,2021-06-30,20.2,17.8,23.9,0.0,,192.0,12.1,,1012.6,
1797,2021-07-01,20.1,17.2,23.3,0.0,,322.0,5.7,,1015.6,
1798,2021-07-02,20.9,16.7,26.1,0.0,,300.0,8.2,,1016.4,
1799,2021-07-03,22.5,16.1,28.3,0.0,,342.0,7.4,,1015.1,
1800,2021-07-04,20.8,15.6,26.1,0.0,,194.0,8.4,,1015.7,
1801,2021-07-05,18.7,15.0,23.9,0.0,,190.0,7.5,,1018.0,
1802,2021-07-06,20.6,15.0,27.8,0.0,,304.0,8.5,,1016.3,
1803,2021-07-07,18.6,15.6,22.2,0.0,,214.0,11.3,,1016.5,
1804,2021-07-08,17.7,13.3,23.3,0.0,,216.0,5.6,,1017.5,
1805,2021-07-09,20.6,13.9,27.2,0.0,,344.0,8.6,,1019.2,
1806,2021-07-10,21.1,16.1,26.7,0.0,,338.0,10.1,,1020.9,
1807,2021-07-11,20.9,14.4,27.2,0.0,,342.0,10.9,,1020.3,
1808,2021-07-12,21.8,14.4,27.8,0.0,,350.0,8.6,,1018.0,
1809,2021-07-13,20.6,13.9,28.3,0.0,,257.0,8.9,,1018.0,
1810,2021-07-14,18.7,13.9,23.9,0.0,,207.0,9.2,,1016.9,
1811,2021-07-15,17.1,13.9,21.7,0.0,,202.0,8.4,,1017.6,
1812,2021-07-16,17.7,14.4,21.7,0.0,,190.0,10.7,,1017.9,
1813,2021-07-17,19.6,15.0,25.0,0.0,,286.0,11.1,,1018.7,
1814,2021-07-18,20.6,14.4,26.7,0.0,,341.0,10.7,,1020.4,
1815,2021-07-19,21.5,13.9,28.3,0.0,,336.0,7.9,,1019.5,
1816,2021-07-20,18.1,15.6,21.7,0.1,,266.0,7.0,,1021.0,
1817,2021-07-21,17.9,15.0,22.8,0.0,,1.0,7.4,,1020.6,
1818,2021-07-22,19.5,15.0,24.4,0.0,,349.0,9.3,,1021.7,
1819,2021-07-23,19.7,12.2,26.1,0.0,,349.0,9.5,,1024.0,
1820,2021-07-24,22.4,17.2,28.3,0.0,,343.0,12.8,,1021.0,
1821,2021-07-25,22.5,16.7,28.3,0.0,,342.0,12.5,,1017.8,
1822,2021-07-26,21.9,16.7,27.8,0.0,,343.0,14.8,,1015.9,
1823,2021-07-27,22.8,17.2,28.3,0.0,,351.0,9.2,,1017.3,
1824,2021-07-28,23.2,16.1,30.6,0.0,,342.0,9.3,,1019.3,
1825,2021-07-29,23.9,15.0,32.2,0.0,,343.0,11.4,,1017.4,
1826,2021-07-30,25.6,17.8,32.8,0.0,,341.0,11.3,,1015.3,
1827,2021-07-31,23.3,21.1,25.6,0.0,,337.0,8.6,,1016.4,
1828,2021-08-01,22.8,18.9,27.8,0.0,,295.0,7.3,,1018.3,
1829,2021-08-02,22.6,16.7,29.4,0.0,,326.0,11.5,,1019.9,
1830,2021-08-03,23.2,18.9,28.3,0.0,,341.0,11.1,,1018.1,
1831,2021-08-04,23.6,16.1,31.1,0.0,,341.0,10.5,,1015.5,
1832,2021-08-05,22.6,16.7,28.9,0.0,,203.0,9.2,,1014.4,
1833,2021-08-06,21.0,18.3,25.6,1.0,,209.0,10.7,,1017.1,
1834,2021-08-07,19.9,16.7,24.4,0.0,,189.0,14.4,,1013.9,
1835,2021-08-08,18.2,13.3,23.3,1.1,,183.0,7.4,,1017.4,
1836,2021-08-09,19.5,13.3,26.1,0.0,,335.0,10.5,,1020.0,
1837,2021-08-10,22.9,17.8,28.9,0.0,,345.0,11.4,,1019.2,
1838,2021-08-11,25.0,17.2,32.8,0.0,,342.0,10.2,,1016.6,
1839,2021-08-12,26.6,21.1,33.9,0.0,,343.0,11.5,,1014.9,
1840,2021-08-13,26.3,20.0,33.3,0.0,,356.0,4.8,,1015.7,
1841,2021-08-14,23.9,18.3,30.0,0.0,,182.0,8.0,,1018.7,
1842,2021-08-15,22.7,17.2,28.3,0.0,,224.0,6.8,,1017.3,
1843,2021-08-16,19.7,16.1,23.9,0.0,,200.0,10.7,,1013.2,
1844,2021-08-17,16.5,13.9,20.6,0.0,,151.0,6.7,,1015.6,
1845,2021-08-18,18.8,12.2,25.6,0.0,,9.0,7.1,,1019.5,
1846,2021-08-19,20.3,14.4,26.1,0.0,,226.0,8.9,,1018.1,
1847,2021-08-20,16.7,15.0,18.9,0.0,,202.0,9.0,,1015.2,
1848,2021-08-21,17.3,14.4,20.6,0.0,,331.0,4.4,,1011.4,
1849,2021-08-22,17.4,15.6,20.0,0.0,,194.0,12.6,,1011.9,
1850,2021-08-23,16.9,12.8,21.7,0.0,,274.0,9.9,,1016.4,
1851,2021-08-24,17.9,10.0,25.0,0.0,,343.0,8.3,,1016.4,
1852,2021-08-25,18.3,11.7,25.0,0.0,,198.0,8.5,,1016.5,
1853,2021-08-26,18.0,15.6,21.7,2.2,,172.0,10.0,,1018.5,
1854,2021-08-27,17.1,14.4,20.6,0.8,,39.0,7.6,,1020.6,
1855,2021-08-28,18.0,10.6,25.0,0.0,,349.0,9.4,,1019.9,
1856,2021-08-29,19.4,11.7,25.6,0.0,,344.0,10.1,,1014.9,
1857,2021-08-30,15.6,12.2,17.8,0.0,,236.0,11.1,,1014.4,
1858,2021-08-31,15.3,12.8,19.4,0.0,,81.0,9.0,,1015.6,
1859,2021-09-01,15.1,7.8,21.7,0.0,,346.0,8.7,,1017.1,
1860,2021-09-02,17.2,10.0,25.0,0.0,,342.0,6.7,,1018.3,
1861,2021-09-03,18.3,10.6,26.1,0.0,,352.0,6.5,,1017.5,
1862,2021-09-04,19.1,11.7,26.7,0.0,,186.0,7.0,,1015.4,
1863,2021-09-05,21.5,18.9,26.7,0.0,,275.0,7.2,,1016.1,
1864,2021-09-06,19.4,16.7,23.3,0.0,,328.0,8.2,,1020.0,
1865,2021-09-07,19.4,12.2,26.7,0.0,,341.0,10.5,,1016.8,
1866,2021-09-08,21.9,18.3,27.2,2.1,,287.0,9.5,,1015.4,
1867,2021-09-09,20.6,14.4,27.2,0.0,,198.0,5.9,,1013.0,
1868,2021-09-10,17.7,16.1,18.9,0.0,,170.0,6.7,,1016.2,
1869,2021-09-11,18.1,15.0,22.2,0.0,,208.0,10.0,,1021.7,
1870,2021-09-12,16.7,13.9,18.9,3.0,,352.0,6.0,,1020.3,
1871,2021-09-13,16.7,13.9,20.6,0.0,,346.0,6.4,,1022.6,
1872,2021-09-14,16.0,10.0,21.1,0.0,,160.0,6.3,,1018.2,
1873,2021-09-15,15.6,13.3,17.8,3.6,,354.0,8.2,,1018.3,
1874,2021-09-16,14.2,7.8,19.4,0.0,,350.0,5.7,,1019.1,
1875,2021-09-17,15.3,12.8,21.7,8.1,,157.0,8.8,,1007.4,
1876,2021-09-18,14.0,12.2,17.8,21.9,,163.0,10.1,,1006.6,
1877,2021-09-19,14.6,11.7,18.3,1.7,,177.0,10.8,,1015.9,
1878,2021-09-20,16.0,12.8,20.6,0.0,,45.0,7.5,,1027.6,
1879,2021-09-21,16.1,9.4,24.4,0.0,,350.0,4.9,,1021.6,
1880,2021-09-22,15.8,12.8,18.9,0.0,,4.0,3.3,,1021.1,
1881,2021-09-23,16.5,12.8,21.1,0.0,,345.0,8.8,,1025.7,
1882,2021-09-24,17.0,12.2,23.9,0.0,,339.0,12.3,,1017.9,
1883,2021-09-25,18.3,11.7,26.1,0.0,,178.0,5.4,,1011.4,
1884,2021-09-26,14.9,12.8,18.3,7.8,,161.0,8.7,,1009.7,
1885,2021-09-27,14.3,11.7,16.7,7.4,,158.0,8.6,,1008.9,
1886,2021-09-28,13.7,11.1,17.2,1.3,,178.0,13.0,,1015.9,
1887,2021-09-29,13.8,11.7,16.1,0.0,,137.0,5.5,,1019.3,
1888,2021-09-30,14.2,13.3,16.7,8.1,,145.0,6.3,,1021.0,
1889,2021-10-01,13.6,10.6,17.2,0.0,,349.0,9.2,,1026.5,
1890,2021-10-02,13.5,8.3,20.0,0.0,,166.0,4.2,,1022.9,
1891,2021-10-03,13.4,12.8,13.9,0.0,,20.0,6.6,,1020.7,
1892,2021-10-04,13.3,11.7,16.1,0.0,,351.0,7.8,,1014.1,
1893,2021-10-05,11.5,8.9,13.3,4.1,,130.0,6.1,,1011.5,
1894,2021-10-06,10.7,8.3,13.9,1.1,,150.0,5.3,,1019.1,
1895,2021-10-07,10.1,6.7,14.4,0.0,,346.0,5.9,,1020.8,
1896,2021-10-08,8.4,4.4,14.4,0.0,,35.0,4.0,,1017.9,
1897,2021-10-09,10.6,5.6,15.0,1.7,,164.0,9.8,,1022.0,
1898,2021-10-10,10.6,7.2,13.3,4.0,,146.0,6.7,,1020.7,
1899,2021-10-11,8.0,5.0,12.2,1.2,,10.0,4.2,,1025.2,
1900,2021-10-12,6.5,2.2,11.1,3.3,,152.0,5.5,,1021.1,
1901,2021-10-13,9.3,7.2,12.2,0.2,,168.0,5.7,,1018.7,
1902,2021-10-14,11.4,8.3,16.1,1.1,,169.0,9.0,,1021.9,
1903,2021-10-15,13.2,11.1,16.7,0.8,,141.0,4.9,,1021.2,
1904,2021-10-16,15.3,12.8,20.0,0.0,,169.0,8.8,,1015.1,
1905,2021-10-17,12.4,10.6,14.4,0.0,,285.0,8.0,,1007.2,
1906,2021-10-18,11.6,10.6,13.3,0.0,,355.0,4.5,,1014.8,
1907,2021-10-19,11.4,6.7,16.1,0.0,,354.0,1.8,,1010.5,
1908,2021-10-20,12.6,11.1,16.7,7.4,,174.0,10.8,,1010.1,
1909,2021-10-21,15.3,8.9,21.1,7.9,,114.0,10.0,,1010.2,
1910,2021-10-22,12.2,10.0,14.4,4.1,,63.0,4.0,,1008.8,
1911,2021-10-23,10.9,8.9,13.3,8.0,,45.0,3.1,,1005.0,
1912,2021-10-24,12.8,9.4,15.6,7.2,,145.0,12.2,,988.4,
1913,2021-10-25,13.2,10.6,15.0,5.7,,167.0,22.2,,996.3,
1914,2021-10-26,11.0,9.4,13.9,11.5,,159.0,10.8,,1007.3,
1915,2021-10-27,10.9,9.4,13.3,1.7,,176.0,12.3,,1022.0,
1916,2021-10-28,12.6,8.9,16.1,32.1,,319.0,7.8,,1016.0,
1917,2021-10-29,9.7,7.8,11.1,13.7,,352.0,8.9,,1020.2,
1918,2021-10-30,7.7,4.4,12.8,0.0,,355.0,16.2,,1021.4,
1919,2021-10-31,8.0,2.2,15.6,0.0,,352.0,4.9,,1016.7,
1920,2021-11-01,8.7,4.4,15.0,2.4,,333.0,5.4,,1014.5,
1921,2021-11-02,9.0,7.2,11.1,3.1,,138.0,4.2,,1021.4,
1922,2021-11-03,12.1,8.3,15.6,6.1,,338.0,5.8,,1015.5,
1923,2021-11-04,12.0,9.4,15.0,12.0,,162.0,9.2,,1007.2,
1924,2021-11-05,9.3,6.7,11.7,4.2,,163.0,8.7,,1014.0,
1925,2021-11-06,7.3,6.1,9.4,11.8,,166.0,10.8,,1013.3,
1926,2021-11-07,6.6,5.6,9.4,11.3,,158.0,9.9,,1018.5,
1927,2021-11-08,9.1,3.3,13.9,0.0,,118.0,8.6,,1013.9,
1928,2021-11-09,9.1,7.2,13.3,9.0,,174.0,13.8,,1010.2,
1929,2021-11-10,8.7,5.6,12.2,0.3,,143.0,5.6,,1024.9,
1930,2021-11-11,10.1,7.8,11.7,27.9,,138.0,6.4,,1019.7,
1931,2021-11-12,12.9,10.0,15.0,23.2,,162.0,9.1,,1021.3,
1932,2021-11-13,9.1,7.8,10.6,11.0,,16.0,5.0,,1023.6,
1933,2021-11-14,15.3,11.1,17.8,13.0,,179.0,22.2,,1013.7,
1934,2021-11-15,12.9,6.7,17.8,9.1,,187.0,21.0,,1008.5,
1935,2021-11-16,6.3,1.7,10.0,0.0,,162.0,6.9,,1028.5,
1936,2021-11-17,5.2,0.6,11.7,0.0,,354.0,4.6,,1025.8,
1937,2021-11-18,7.4,6.1,9.4,0.0,,344.0,6.2,,1013.4,
1938,2021-11-19,6.8,5.6,8.3,0.8,,8.0,7.3,,1022.0,
1939,2021-11-20,6.3,3.9,9.4,0.0,,0.0,1.5,,1033.3,
1940,2021-11-21,4.4,2.2,8.9,0.0,,359.0,3.0,,1028.7,
1941,2021-11-22,4.7,0.6,8.3,1.9,,167.0,8.5,,1018.2,
1942,2021-11-23,7.1,5.6,9.4,9.6,,52.0,3.6,,1018.0,
1943,2021-11-24,6.1,2.2,8.9,1.4,,23.0,2.8,,1029.4,
1944,2021-11-25,7.5,6.1,8.9,18.2,,160.0,6.0,,1023.6,
1945,2021-11-26,10.0,7.8,12.8,6.5,,183.0,8.9,,1022.3,
1946,2021-11-27,10.8,8.9,15.6,9.3,,136.0,5.9,,1017.8,
1947,2021-11-28,14.6,12.8,16.7,7.5,,172.0,13.1,,1019.1,
1948,2021-11-29,12.9,11.7,15.0,0.0,,172.0,7.1,,1023.4,
1949,2021-11-30,12.5,11.1,13.3,5.5,,173.0,12.5,,1022.9,
1950,2021-12-01,13.8,12.8,15.0,0.0,,167.0,13.5,,1021.3,
1951,2021-12-02,8.9,6.1,12.8,2.0,,347.0,7.0,,1025.9,
1952,2021-12-03,4.8,3.9,6.1,0.0,,9.0,7.9,,1025.7,
1953,2021-12-04,4.6,2.2,6.1,9.6,,20.0,3.9,,1021.1,
1954,2021-12-05,3.2,0.6,6.1,0.3,,358.0,3.4,,1032.8,
1955,2021-12-06,5.1,3.3,7.2,0.7,,53.0,3.3,,1018.6,
1956,2021-12-07,8.4,6.7,10.0,1.3,,19.0,3.6,,1015.4,
1957,2021-12-08,7.0,4.4,10.0,2.5,,182.0,10.7,,1013.4,
1958,2021-12-09,4.7,2.8,6.1,0.0,,171.0,9.5,,1014.3,
1959,2021-12-10,6.2,3.3,8.9,6.0,,167.0,12.6,,1016.2,
1960,2021-12-11,7.0,4.4,9.4,18.8,,175.0,17.6,,1000.9,
1961,2021-12-12,4.2,2.8,5.6,11.4,,167.0,9.5,,1002.6,
1962,2021-12-13,4.8,2.8,5.6,6.0,,22.0,7.1,,998.0,
1963,2021-12-14,3.1,0.6,5.0,1.9,,146.0,7.5,,1008.5,
1964,2021-12-15,4.8,2.8,6.7,1.6,,138.0,7.5,,1008.2,
1965,2021-12-16,4.8,3.3,7.2,0.1,,58.0,4.6,,1015.7,
1966,2021-12-17,4.1,1.7,7.2,1.4,,122.0,5.2,,1025.7,
1967,2021-12-18,5.8,2.8,10.6,14.9,,167.0,12.1,,1012.9,
1968,2021-12-19,5.2,3.3,7.8,0.0,,1.0,7.1,,1015.2,
1969,2021-12-20,3.0,2.2,3.9,6.4,,357.0,11.5,,1018.7,
1970,2021-12-21,3.0,1.7,3.9,4.2,,24.0,7.8,,1018.3,
1971,2021-12-22,7.9,4.4,10.0,10.5,,157.0,9.3,,1003.6,
1972,2021-12-23,5.7,4.4,7.2,7.6,,188.0,15.1,,997.0,
1973,2021-12-24,4.3,2.8,5.6,12.2,,161.0,11.8,,992.5,
1974,2021-12-25,2.4,0.6,3.3,6.2,,170.0,13.2,,997.4,
1975,2021-12-26,-2.5,-5.0,0.6,15.0,,23.0,14.2,,998.9,
1976,2021-12-27,-5.7,-7.2,-4.4,0.4,,31.0,7.4,,1010.7,
1977,2021-12-28,-2.4,-4.4,-1.1,0.2,,11.0,7.5,,1010.0,
1978,2021-12-29,-2.3,-3.9,-1.1,0.5,,27.0,7.7,,1012.9,
1979,2021-12-30,0.3,-2.2,1.7,8.0,,40.0,8.0,,1005.5,
1980,2021-12-31,-1.6,-5.6,1.1,0.0,,11.0,5.1,,1017.1,
1981,2022-01-01,-2.1,-6.7,1.1,0.0,,164.0,7.1,,1023.7,
1982,2022-01-02,1.5,-1.1,4.4,14.8,,164.0,7.1,,1009.3,
1983,2022-01-03,2.5,1.1,5.6,13.7,,146.0,9.3,,1001.0,
1984,2022-01-04,3.5,2.2,5.6,3.1,,153.0,7.7,,1014.7,
1985,2022-01-05,3.2,2.2,4.4,8.3,,356.0,3.0,,1020.3,
1986,2022-01-06,7.8,2.8,11.1,30.2,,160.0,11.3,,1003.8,
1987,2022-01-07,6.9,4.4,8.9,8.7,,186.0,14.1,,1000.8,
1988,2022-01-08,5.1,1.7,7.8,0.0,,173.0,7.1,,1023.0,
1989,2022-01-09,3.6,-0.6,9.4,0.0,,5.0,1.7,,1026.2,
1990,2022-01-10,5.0,1.1,8.9,3.0,,34.0,6.2,,1027.3,
1991,2022-01-11,9.9,7.8,11.7,32.5,,139.0,5.9,,1022.6,
1992,2022-01-12,11.0,7.2,13.3,5.2,,71.0,3.2,,1019.9,
1993,2022-01-13,8.4,3.0,12.8,10.8,,5.0,3.6,,1022.7,
1994,2022-01-14,6.3,3.2,11.1,0.0,,2.0,2.6,,1031.6,
1995,2022-01-15,5.3,3.9,6.7,0.0,,357.0,3.2,,1028.3,
1996,2022-01-16,5.3,4.4,6.7,0.0,,344.0,4.1,,1024.1,
1997,2022-01-17,6.9,4.4,10.0,0.8,,150.0,6.1,,1017.5,
1998,2022-01-18,8.4,7.8,8.9,0.7,,174.0,7.9,,1020.2,
1999,2022-01-19,8.1,6.1,10.0,2.5,,16.0,2.9,,1025.6,
2000,2022-01-20,9.7,5.6,11.7,8.4,,180.0,12.6,,1025.2,
2001,2022-01-21,6.3,2.2,9.4,0.0,,356.0,2.3,,1037.1,
2002,2022-01-22,3.1,1.7,6.1,0.0,,7.0,3.6,,1034.5,
2003,2022-01-23,2.6,2.2,3.3,0.0,,23.0,3.6,,1029.6,
2004,2022-01-24,2.7,2.2,4.4,0.0,,24.0,4.4,,1026.8,
2005,2022-01-25,2.8,1.1,5.6,0.0,,1.0,3.2,,1027.0,
2006,2022-01-26,1.7,0.6,3.9,0.0,,4.0,7.2,,1026.6,
2007,2022-01-27,2.2,0.0,7.2,0.0,,8.0,3.2,,1029.2,
2008,2022-01-28,3.3,-1.7,11.7,0.0,,154.0,5.8,,1027.2,
2009,2022-01-29,5.1,-1.1,12.8,0.0,,156.0,5.8,,1024.1,
2010,2022-01-30,7.3,5.0,12.2,4.7,,166.0,9.5,,1017.1,
2011,2022-01-31,5.7,3.9,8.3,0.0,,192.0,9.6,,1024.5,
2012,2022-02-01,4.0,1.1,6.7,0.0,,3.0,3.1,,1028.3,
2013,2022-02-02,3.5,0.6,6.7,0.0,,140.0,5.7,,1028.4,
2014,2022-02-03,7.5,6.1,10.0,1.3,,164.0,7.3,,1029.8,
2015,2022-02-04,7.5,5.0,10.0,0.3,,168.0,12.3,,1029.3,
2016,2022-02-05,6.9,3.3,8.3,0.0,,32.0,6.4,,1035.6,
2017,2022-02-06,5.5,2.2,11.4,0.0,,353.0,3.5,,1029.4,
2018,2022-02-07,7.9,3.3,11.7,0.3,,175.0,11.3,,1029.9,
2019,2022-02-08,7.8,5.0,10.0,0.0,,344.0,3.4,,1036.7,
2020,2022-02-09,8.7,5.6,12.2,0.0,,350.0,4.8,,1036.1,
2021,2022-02-10,7.6,6.1,8.9,0.0,,348.0,6.7,,1032.8,
2022,2022-02-11,8.0,6.1,10.0,0.0,,353.0,14.4,,1031.2,
2023,2022-02-12,6.9,3.3,12.8,0.0,,337.0,18.5,,1026.5,
2024,2022-02-13,5.8,-0.6,14.4,0.0,,50.0,3.4,,1021.5,
2025,2022-02-14,7.8,6.7,8.9,5.0,,113.0,6.2,,1014.4,
2026,2022-02-15,7.3,6.1,8.9,0.0,,130.0,5.1,,1023.0,
2027,2022-02-16,7.6,3.9,10.6,0.1,,4.0,4.0,,1027.6,
2028,2022-02-17,6.5,3.3,9.4,0.0,,175.0,5.7,,1032.2,
2029,2022-02-18,7.8,6.1,10.0,0.0,,348.0,3.5,,1030.6,
2030,2022-02-19,7.2,5.6,8.9,0.0,,188.0,13.6,,1019.8,
2031,2022-02-20,5.9,3.3,8.9,11.1,,171.0,8.4,,1014.1,
2032,2022-02-21,3.7,0.6,6.1,0.0,,19.0,14.1,,1013.3,
2033,2022-02-22,0.7,-1.7,2.2,0.0,,15.0,12.0,,1025.4,
2034,2022-02-23,-0.5,-3.9,3.3,0.0,,359.0,4.4,,1030.4,
2035,2022-02-24,1.4,-1.1,5.0,0.2,,357.0,5.7,,1030.9,
2036,2022-02-25,1.8,-3.9,8.3,0.0,,342.0,4.6,,1030.2,
2037,2022-02-26,5.4,0.0,10.6,5.1,,177.0,5.7,,1022.0,
2038,2022-02-27,7.9,5.6,9.4,18.4,,161.0,8.9,,1019.5,
2039,2022-02-28,10.9,8.9,13.3,46.2,,167.0,8.7,,1013.0,
2040,2022-03-01,11.5,7.5,15.0,2.7,,164.0,7.6,,1018.0,
2041,2022-03-02,8.9,6.3,11.1,6.9,,121.0,4.7,,1018.1,
2042,2022-03-03,7.7,6.1,10.0,1.7,,185.0,7.1,,1020.0,
2043,2022-03-04,7.4,6.1,9.4,0.3,,0.0,7.8,,1020.3,
2044,2022-03-05,6.8,3.9,10.6,0.0,,347.0,4.9,,1025.5,
2045,2022-03-06,4.9,0.0,10.6,0.0,,352.0,3.5,,1031.9,
2046,2022-03-07,5.4,1.1,9.4,0.0,,172.0,6.3,,1033.3,
2047,2022-03-08,6.7,2.8,8.9,2.6,,3.0,2.8,,1025.1,
2048,2022-03-09,4.5,0.6,8.3,0.1,,359.0,7.5,,1024.6,
2049,2022-03-10,4.0,-1.1,8.3,0.0,,13.0,3.8,,1028.6,
2050,2022-03-11,6.9,3.9,10.6,0.0,,0.0,2.7,,1025.6,
2051,2022-03-12,8.5,4.4,14.4,0.5,,36.0,4.5,,1012.9,
2052,2022-03-13,,,,,,,,,,
2053,2022-03-14,8.1,7.2,10.0,11.6,,145.0,6.7,,1019.5,
2054,2022-03-15,9.0,7.2,12.2,4.3,,179.0,12.7,,1018.8,
2055,2022-03-16,9.0,6.7,12.8,0.0,,194.0,9.5,,1026.9,
2056,2022-03-17,8.5,6.1,11.1,1.4,,177.0,7.3,,1021.5,
2057,2022-03-18,10.0,7.8,14.0,5.9,,173.0,7.3,,1017.3,
2058,2022-03-19,7.8,6.0,11.0,9.1,,165.0,12.2,,1014.6,
2059,2022-03-20,6.8,5.0,10.0,4.5,,170.0,10.4,,1025.1,
2060,2022-03-21,8.0,6.0,11.0,12.3,,148.0,6.2,,1026.8,
2061,2022-03-22,12.3,9.0,18.0,0.2,,168.0,6.4,,1026.9,
2062,2022-03-23,10.4,6.0,13.0,10.4,,172.0,12.1,,1022.2,
2063,2022-03-24,7.5,2.0,13.0,0.0,,1.0,12.3,,1023.1,
2064,2022-03-25,10.5,7.0,16.0,0.0,,183.0,7.1,,1017.9,
2065,2022-03-26,11.7,9.0,16.0,1.0,,22.0,7.3,,1013.3,
2066,2022-03-27,12.5,8.0,18.0,0.0,,341.0,8.1,,1005.7,
2067,2022-03-28,11.3,10.0,13.0,0.4,,312.0,9.4,,1009.2,
2068,2022-03-29,11.3,9.0,16.0,0.1,,200.0,8.7,,1017.5,
2069,2022-03-30,9.5,7.0,14.0,1.7,,191.0,12.0,,1021.6,
2070,2022-03-31,8.7,6.0,12.0,0.9,,107.0,7.7,,1022.9,
2071,2022-04-01,9.1,6.0,12.0,1.9,,181.0,10.4,,1019.7,
2072,2022-04-02,10.0,7.0,14.0,3.3,,189.0,13.1,,1022.6,
2073,2022-04-03,9.7,8.0,12.0,6.8,,162.0,13.5,,1012.8,
2074,2022-04-04,7.7,5.0,9.0,16.5,,199.0,20.9,,1003.6,
2075,2022-04-05,7.6,4.0,12.0,0.8,,172.0,14.7,,1025.3,
2076,2022-04-06,8.8,2.0,16.0,0.0,,6.0,9.7,,1030.7,
2077,2022-04-07,14.3,7.0,22.0,0.0,,354.0,7.7,,1021.4,
2078,2022-04-08,10.1,7.0,15.0,10.2,,194.0,18.2,,1022.6,
2079,2022-04-09,5.9,3.5,9.0,5.3,,150.0,10.8,,1025.0,
